created_at,user_id,user_email,article_id,key,value
2023-02-22T10:27:16.168Z,307173,ghada.alhussein@ku.ac.ae,945109363,included,-1
2023-02-22T10:27:18.996Z,307173,ghada.alhussein@ku.ac.ae,945108991,included,-1
2023-02-22T10:27:22.309Z,307173,ghada.alhussein@ku.ac.ae,945108959,included,-1
2023-02-22T10:27:24.731Z,307173,ghada.alhussein@ku.ac.ae,945108138,included,-1
2023-02-22T10:27:40.871Z,307173,ghada.alhussein@ku.ac.ae,945108138,"""__EXR__webpage""",1
2023-02-22T10:27:40.965Z,307173,ghada.alhussein@ku.ac.ae,945108138,included,-1
2023-02-22T10:27:44.965Z,307173,ghada.alhussein@ku.ac.ae,945108959,"""__EXR__webpage""",1
2023-02-22T10:27:44.996Z,307173,ghada.alhussein@ku.ac.ae,945108959,included,-1
2023-02-22T10:27:48.528Z,307173,ghada.alhussein@ku.ac.ae,945108991,"""__EXR__webpage""",1
2023-02-22T10:27:48.559Z,307173,ghada.alhussein@ku.ac.ae,945108991,included,-1
2023-02-22T10:27:51.622Z,307173,ghada.alhussein@ku.ac.ae,945109363,"""__EXR__webpage""",1
2023-02-22T10:27:51.809Z,307173,ghada.alhussein@ku.ac.ae,945109363,included,-1
2023-02-22T10:37:49.519Z,307173,ghada.alhussein@ku.ac.ae,945109022,included,-1
2023-02-22T10:38:03.488Z,307173,ghada.alhussein@ku.ac.ae,945109022,"""__EXR__older than 2010""",1
2023-02-22T10:38:03.551Z,307173,ghada.alhussein@ku.ac.ae,945109022,included,-1
2023-02-22T10:38:19.426Z,307173,ghada.alhussein@ku.ac.ae,945108001,included,-1
2023-02-22T10:38:30.473Z,307173,ghada.alhussein@ku.ac.ae,945108001,included,-1
2023-02-22T10:38:36.707Z,307173,ghada.alhussein@ku.ac.ae,945108001,included,-1
2023-02-22T10:38:48.317Z,307173,ghada.alhussein@ku.ac.ae,945108001,"""__EXR__database""",1
2023-02-22T10:38:48.332Z,307173,ghada.alhussein@ku.ac.ae,945108001,included,-1
2023-02-22T12:05:24.206Z,307173,ghada.alhussein@ku.ac.ae,945108998,included,-1
2023-02-22T17:44:06.100Z,307269,ioannis.ziogas@ku.ac.ae,945108292,included,1
2023-02-22T17:48:32.353Z,307269,ioannis.ziogas@ku.ac.ae,945108292,included,0
2023-02-22T17:48:49.228Z,307269,ioannis.ziogas@ku.ac.ae,945108292,included,1
2023-02-22T17:51:03.386Z,307269,ioannis.ziogas@ku.ac.ae,945108296,included,1
2023-02-22T17:53:36.700Z,307269,ioannis.ziogas@ku.ac.ae,945108298,included,0
2023-02-22T17:53:38.716Z,307269,ioannis.ziogas@ku.ac.ae,945108298,included,0
2023-02-22T17:53:46.575Z,307269,ioannis.ziogas@ku.ac.ae,945108298,included,0
2023-02-22T17:53:58.028Z,307269,ioannis.ziogas@ku.ac.ae,945108298,"""__EXR__empathy recognition""",1
2023-02-22T17:53:58.138Z,307269,ioannis.ziogas@ku.ac.ae,945108298,included,-1
2023-02-22T17:54:02.325Z,307269,ioannis.ziogas@ku.ac.ae,945108298,included,0
2023-02-22T17:54:04.685Z,307269,ioannis.ziogas@ku.ac.ae,945108298,included,-1
2023-02-22T17:54:05.060Z,307269,ioannis.ziogas@ku.ac.ae,945108298,included,0
2023-02-22T17:54:12.263Z,307269,ioannis.ziogas@ku.ac.ae,945108298,included,0
2023-02-22T17:56:01.014Z,307269,ioannis.ziogas@ku.ac.ae,945108301,included,-1
2023-02-22T17:56:23.014Z,307269,ioannis.ziogas@ku.ac.ae,945108301,"""__EXR__conversation with robot""",1
2023-02-22T17:56:23.061Z,307269,ioannis.ziogas@ku.ac.ae,945108301,included,-1
2023-02-23T06:12:13.116Z,307173,ghada.alhussein@ku.ac.ae,945107989,included,1
2023-02-23T06:12:32.195Z,307173,ghada.alhussein@ku.ac.ae,945107995,included,-1
2023-02-23T06:12:34.711Z,307173,ghada.alhussein@ku.ac.ae,945107995,"""__EXR__database""",1
2023-02-23T06:12:34.742Z,307173,ghada.alhussein@ku.ac.ae,945107995,included,-1
2023-02-23T06:12:39.773Z,307173,ghada.alhussein@ku.ac.ae,945107996,included,1
2023-02-23T06:12:57.352Z,307173,ghada.alhussein@ku.ac.ae,945107998,included,1
2023-02-23T06:13:13.368Z,307173,ghada.alhussein@ku.ac.ae,945107999,included,1
2023-02-23T06:13:22.602Z,307173,ghada.alhussein@ku.ac.ae,945108000,included,1
2023-02-23T06:13:46.759Z,307173,ghada.alhussein@ku.ac.ae,945108002,included,-1
2023-02-23T06:13:57.431Z,307173,ghada.alhussein@ku.ac.ae,945108002,"""__EXR__text conversation""",1
2023-02-23T06:13:57.462Z,307173,ghada.alhussein@ku.ac.ae,945108002,included,-1
2023-02-23T06:14:21.807Z,307173,ghada.alhussein@ku.ac.ae,945108003,included,1
2023-02-23T06:14:26.073Z,307173,ghada.alhussein@ku.ac.ae,945108004,included,-1
2023-02-23T06:14:28.604Z,307173,ghada.alhussein@ku.ac.ae,945108004,"""__EXR__database""",1
2023-02-23T06:14:28.635Z,307173,ghada.alhussein@ku.ac.ae,945108004,included,-1
2023-02-23T06:14:51.073Z,307173,ghada.alhussein@ku.ac.ae,945108005,included,1
2023-02-23T06:15:53.668Z,307173,ghada.alhussein@ku.ac.ae,945108006,included,1
2023-02-23T06:16:11.715Z,307173,ghada.alhussein@ku.ac.ae,945108007,included,1
2023-02-23T06:16:22.981Z,307173,ghada.alhussein@ku.ac.ae,945108008,included,1
2023-02-23T06:17:05.309Z,307173,ghada.alhussein@ku.ac.ae,945108009,included,-1
2023-02-23T06:17:08.840Z,307173,ghada.alhussein@ku.ac.ae,945108009,"""__EXR__text conversation""",1
2023-02-23T06:17:08.903Z,307173,ghada.alhussein@ku.ac.ae,945108009,included,-1
2023-02-23T06:17:38.794Z,307173,ghada.alhussein@ku.ac.ae,945108010,included,1
2023-02-23T06:17:59.607Z,307173,ghada.alhussein@ku.ac.ae,945108011,included,1
2023-02-23T06:18:22.341Z,307173,ghada.alhussein@ku.ac.ae,945108012,included,1
2023-02-23T06:18:46.263Z,307173,ghada.alhussein@ku.ac.ae,945108013,included,1
2023-02-23T06:19:04.560Z,307173,ghada.alhussein@ku.ac.ae,945108014,included,1
2023-02-23T06:19:25.842Z,307173,ghada.alhussein@ku.ac.ae,945108015,included,1
2023-02-23T06:19:54.967Z,307173,ghada.alhussein@ku.ac.ae,945108016,included,1
2023-02-23T06:20:41.467Z,307173,ghada.alhussein@ku.ac.ae,945108017,included,0
2023-02-23T06:20:53.186Z,307173,ghada.alhussein@ku.ac.ae,945108017,"""__EXR__conversation not mentioned""",1
2023-02-23T06:20:53.202Z,307173,ghada.alhussein@ku.ac.ae,945108017,included,-1
2023-02-23T06:21:20.280Z,307173,ghada.alhussein@ku.ac.ae,945108018,included,1
2023-02-23T06:22:08.905Z,307173,ghada.alhussein@ku.ac.ae,945108019,included,1
2023-02-23T06:22:15.983Z,307173,ghada.alhussein@ku.ac.ae,945108020,included,1
2023-02-23T06:22:34.390Z,307173,ghada.alhussein@ku.ac.ae,945108021,included,-1
2023-02-23T06:22:38.015Z,307173,ghada.alhussein@ku.ac.ae,945108021,"""__EXR__database""",1
2023-02-23T06:22:38.046Z,307173,ghada.alhussein@ku.ac.ae,945108021,included,-1
2023-02-23T06:22:51.437Z,307173,ghada.alhussein@ku.ac.ae,945108022,"""__EXR__database""",1
2023-02-23T06:22:51.468Z,307173,ghada.alhussein@ku.ac.ae,945108022,included,-1
2023-02-23T06:23:02.718Z,307173,ghada.alhussein@ku.ac.ae,945108023,included,1
2023-02-23T06:23:36.406Z,307173,ghada.alhussein@ku.ac.ae,945108024,included,1
2023-02-23T06:23:51.687Z,307173,ghada.alhussein@ku.ac.ae,945108025,included,-1
2023-02-23T06:23:53.546Z,307173,ghada.alhussein@ku.ac.ae,945108025,"""__EXR__database""",1
2023-02-23T06:23:53.578Z,307173,ghada.alhussein@ku.ac.ae,945108025,included,-1
2023-02-23T06:24:09.797Z,307173,ghada.alhussein@ku.ac.ae,945108026,included,1
2023-02-23T06:24:17.515Z,307173,ghada.alhussein@ku.ac.ae,945108028,included,1
2023-02-23T06:24:59.250Z,307173,ghada.alhussein@ku.ac.ae,945108029,included,1
2023-02-23T06:25:06.281Z,307173,ghada.alhussein@ku.ac.ae,945108030,included,1
2023-02-23T06:25:22.672Z,307173,ghada.alhussein@ku.ac.ae,945108031,included,-1
2023-02-23T06:25:42.563Z,307173,ghada.alhussein@ku.ac.ae,945108031,"""__EXR__no information""",1
2023-02-23T06:25:42.656Z,307173,ghada.alhussein@ku.ac.ae,945108031,included,-1
2023-02-23T06:25:49.078Z,307173,ghada.alhussein@ku.ac.ae,945108032,included,1
2023-02-23T06:25:56.297Z,307173,ghada.alhussein@ku.ac.ae,945108034,included,1
2023-02-23T06:26:07.563Z,307173,ghada.alhussein@ku.ac.ae,945108035,included,1
2023-02-23T06:26:16.641Z,307173,ghada.alhussein@ku.ac.ae,945108036,included,1
2023-02-23T06:26:50.016Z,307173,ghada.alhussein@ku.ac.ae,945108037,included,0
2023-02-23T06:26:53.641Z,307173,ghada.alhussein@ku.ac.ae,945108037,"""__EXR__conversation not mentioned""",1
2023-02-23T06:26:57.157Z,307173,ghada.alhussein@ku.ac.ae,945108037,included,0
2023-02-23T06:27:34.750Z,307173,ghada.alhussein@ku.ac.ae,945108038,included,-1
2023-02-23T06:27:36.407Z,307173,ghada.alhussein@ku.ac.ae,945108038,included,-1
2023-02-23T06:27:56.813Z,307173,ghada.alhussein@ku.ac.ae,945108038,included,-1
2023-02-24T09:52:17.602Z,307269,ioannis.ziogas@ku.ac.ae,945108304,included,-1
2023-02-24T09:52:38.995Z,307269,ioannis.ziogas@ku.ac.ae,945108304,"""__EXR__text conversation""",1
2023-02-24T09:52:39.024Z,307269,ioannis.ziogas@ku.ac.ae,945108304,included,-1
2023-02-24T11:31:08.609Z,307269,ioannis.ziogas@ku.ac.ae,945108307,included,-1
2023-02-24T11:31:18.703Z,307269,ioannis.ziogas@ku.ac.ae,945108307,"""__EXR__conversation with robot""",1
2023-02-24T11:31:18.718Z,307269,ioannis.ziogas@ku.ac.ae,945108307,included,-1
2023-02-24T11:35:43.425Z,307269,ioannis.ziogas@ku.ac.ae,945108309,included,-1
2023-02-24T11:35:47.112Z,307269,ioannis.ziogas@ku.ac.ae,945108309,"""__EXR__conversation with robot""",1
2023-02-24T11:35:47.222Z,307269,ioannis.ziogas@ku.ac.ae,945108309,included,-1
2023-02-24T11:36:58.910Z,307269,ioannis.ziogas@ku.ac.ae,945108311,included,-1
2023-02-24T11:37:18.410Z,307269,ioannis.ziogas@ku.ac.ae,945108311,"""__EXR__text conversation""",1
2023-02-24T11:37:18.504Z,307269,ioannis.ziogas@ku.ac.ae,945108311,included,-1
2023-02-24T11:41:13.960Z,307269,ioannis.ziogas@ku.ac.ae,945108313,included,-1
2023-02-24T11:41:16.022Z,307269,ioannis.ziogas@ku.ac.ae,945108313,"""__EXR__text conversation""",1
2023-02-24T11:41:16.053Z,307269,ioannis.ziogas@ku.ac.ae,945108313,included,-1
2023-02-24T11:41:59.038Z,307269,ioannis.ziogas@ku.ac.ae,945108315,included,0
2023-02-24T11:42:04.726Z,307269,ioannis.ziogas@ku.ac.ae,945108315,"""__EXR__text conversation""",1
2023-02-24T11:42:04.835Z,307269,ioannis.ziogas@ku.ac.ae,945108315,included,-1
2023-02-24T11:42:05.038Z,307269,ioannis.ziogas@ku.ac.ae,945108315,included,0
2023-02-24T11:42:55.429Z,307269,ioannis.ziogas@ku.ac.ae,945108317,included,0
2023-02-24T11:42:59.461Z,307269,ioannis.ziogas@ku.ac.ae,945108317,"""__EXR__text conversation""",1
2023-02-24T11:42:59.507Z,307269,ioannis.ziogas@ku.ac.ae,945108317,included,-1
2023-02-24T11:43:01.586Z,307269,ioannis.ziogas@ku.ac.ae,945108317,included,0
2023-02-24T11:47:29.776Z,307269,ioannis.ziogas@ku.ac.ae,945108313,included,0
2023-02-24T11:47:42.386Z,307269,ioannis.ziogas@ku.ac.ae,945108311,included,0
2023-02-24T11:47:52.137Z,307269,ioannis.ziogas@ku.ac.ae,945108319,included,0
2023-02-24T11:48:07.824Z,307269,ioannis.ziogas@ku.ac.ae,945108319,"""__EXR__not sure if text or speech""",1
2023-02-24T11:48:07.902Z,307269,ioannis.ziogas@ku.ac.ae,945108319,included,-1
2023-02-24T11:48:09.246Z,307269,ioannis.ziogas@ku.ac.ae,945108319,included,0
2023-02-24T11:48:13.683Z,307269,ioannis.ziogas@ku.ac.ae,945108317,"""__EXR__not sure if text or speech""",1
2023-02-24T11:48:13.715Z,307269,ioannis.ziogas@ku.ac.ae,945108317,included,-1
2023-02-24T11:48:15.418Z,307269,ioannis.ziogas@ku.ac.ae,945108317,included,0
2023-02-24T11:48:54.950Z,307269,ioannis.ziogas@ku.ac.ae,945108311,"""__EXR__not sure if text or speech""",1
2023-02-24T11:48:54.996Z,307269,ioannis.ziogas@ku.ac.ae,945108311,included,-1
2023-02-24T11:48:56.871Z,307269,ioannis.ziogas@ku.ac.ae,945108311,included,0
2023-02-24T11:49:00.075Z,307269,ioannis.ziogas@ku.ac.ae,945108313,"""__EXR__not sure if text or speech""",1
2023-02-24T11:49:00.106Z,307269,ioannis.ziogas@ku.ac.ae,945108313,included,-1
2023-02-24T11:49:01.012Z,307269,ioannis.ziogas@ku.ac.ae,945108313,included,0
2023-02-24T11:49:07.309Z,307269,ioannis.ziogas@ku.ac.ae,945108315,"""__EXR__not sure if text or speech""",1
2023-02-24T11:49:07.403Z,307269,ioannis.ziogas@ku.ac.ae,945108315,included,-1
2023-02-24T11:49:07.543Z,307269,ioannis.ziogas@ku.ac.ae,945108315,included,0
2023-02-24T11:49:21.637Z,307269,ioannis.ziogas@ku.ac.ae,945108317,"""__EXR__not sure if text or speech""",deleted
2023-02-24T11:49:29.544Z,307269,ioannis.ziogas@ku.ac.ae,945108317,"""__EXR__not sure if text or speech""",1
2023-02-24T11:49:29.606Z,307269,ioannis.ziogas@ku.ac.ae,945108317,included,-1
2023-02-24T11:49:30.809Z,307269,ioannis.ziogas@ku.ac.ae,945108317,included,0
2023-02-24T11:53:59.531Z,307269,ioannis.ziogas@ku.ac.ae,945108320,included,1
2023-02-24T11:54:54.016Z,307269,ioannis.ziogas@ku.ac.ae,945108321,included,1
2023-02-24T12:01:36.411Z,307269,ioannis.ziogas@ku.ac.ae,945108322,included,1
2023-02-24T12:03:12.631Z,307269,ioannis.ziogas@ku.ac.ae,945108323,included,-1
2023-02-24T12:03:18.115Z,307269,ioannis.ziogas@ku.ac.ae,945108323,"""__EXR__text conversation""",1
2023-02-24T12:03:18.147Z,307269,ioannis.ziogas@ku.ac.ae,945108323,included,-1
2023-02-24T12:04:08.554Z,307269,ioannis.ziogas@ku.ac.ae,945108324,included,-1
2023-02-24T12:04:10.538Z,307269,ioannis.ziogas@ku.ac.ae,945108324,"""__EXR__text conversation""",1
2023-02-24T12:04:10.647Z,307269,ioannis.ziogas@ku.ac.ae,945108324,included,-1
2023-02-24T12:08:40.229Z,307269,ioannis.ziogas@ku.ac.ae,945108325,included,1
2023-02-24T12:23:51.974Z,307269,ioannis.ziogas@ku.ac.ae,945108326,included,-1
2023-02-24T12:24:32.131Z,307269,ioannis.ziogas@ku.ac.ae,945108326,"""__EXR__no speech""",1
2023-02-24T12:24:32.193Z,307269,ioannis.ziogas@ku.ac.ae,945108326,included,-1
2023-02-24T12:25:13.285Z,307269,ioannis.ziogas@ku.ac.ae,945108327,included,-1
2023-02-24T12:25:21.019Z,307269,ioannis.ziogas@ku.ac.ae,945108327,"""__EXR__duplicate""",1
2023-02-24T12:25:21.097Z,307269,ioannis.ziogas@ku.ac.ae,945108327,included,-1
2023-02-24T12:26:55.257Z,307269,ioannis.ziogas@ku.ac.ae,945108326,included,1
2023-02-24T12:27:05.117Z,307269,ioannis.ziogas@ku.ac.ae,945108326,included,-1
2023-02-24T12:27:05.601Z,307269,ioannis.ziogas@ku.ac.ae,945108326,included,-1
2023-02-24T12:27:06.304Z,307269,ioannis.ziogas@ku.ac.ae,945108326,included,1
2023-02-24T12:29:28.430Z,307269,ioannis.ziogas@ku.ac.ae,945108329,included,1
2023-02-24T12:31:00.213Z,307269,ioannis.ziogas@ku.ac.ae,945108330,included,1
2023-02-24T12:33:03.511Z,307269,ioannis.ziogas@ku.ac.ae,945108331,included,1
2023-02-24T12:43:19.988Z,307269,ioannis.ziogas@ku.ac.ae,945108332,included,1
2023-02-24T12:45:57.443Z,307269,ioannis.ziogas@ku.ac.ae,945108333,included,1
2023-02-24T12:48:11.882Z,307269,ioannis.ziogas@ku.ac.ae,945108334,included,1
2023-02-24T12:50:50.836Z,307269,ioannis.ziogas@ku.ac.ae,945108335,included,-1
2023-02-24T12:51:27.931Z,307269,ioannis.ziogas@ku.ac.ae,945108335,"""__EXR__conversation level not used""",1
2023-02-24T12:51:27.962Z,307269,ioannis.ziogas@ku.ac.ae,945108335,included,-1
2023-02-24T12:58:55.764Z,307269,ioannis.ziogas@ku.ac.ae,945108332,included,-1
2023-02-24T12:59:00.655Z,307269,ioannis.ziogas@ku.ac.ae,945108332,"""__EXR__preprint""",1
2023-02-24T12:59:00.686Z,307269,ioannis.ziogas@ku.ac.ae,945108332,included,-1
2023-02-24T13:01:21.125Z,307269,ioannis.ziogas@ku.ac.ae,945108336,included,1
2023-02-24T13:09:14.990Z,307269,ioannis.ziogas@ku.ac.ae,945108337,included,1
2023-02-24T14:18:19.710Z,307269,ioannis.ziogas@ku.ac.ae,945108338,included,0
2023-02-24T14:18:25.007Z,307269,ioannis.ziogas@ku.ac.ae,945108338,"""__EXR__not sure if text or speech""",1
2023-02-24T14:18:25.054Z,307269,ioannis.ziogas@ku.ac.ae,945108338,included,-1
2023-02-24T14:18:26.382Z,307269,ioannis.ziogas@ku.ac.ae,945108338,included,0
2023-02-24T14:18:31.976Z,307269,ioannis.ziogas@ku.ac.ae,945108338,included,0
2023-02-24T14:22:27.526Z,307269,ioannis.ziogas@ku.ac.ae,945108339,included,1
2023-02-24T14:23:29.605Z,307269,ioannis.ziogas@ku.ac.ae,945108340,included,1
2023-02-24T14:25:54.216Z,307269,ioannis.ziogas@ku.ac.ae,945108341,included,1
2023-02-24T14:31:55.657Z,307269,ioannis.ziogas@ku.ac.ae,945108342,included,0
2023-02-24T14:32:01.032Z,307269,ioannis.ziogas@ku.ac.ae,945108342,"""__EXR__not sure if text or speech""",1
2023-02-24T14:32:01.063Z,307269,ioannis.ziogas@ku.ac.ae,945108342,included,-1
2023-02-24T14:39:38.976Z,307269,ioannis.ziogas@ku.ac.ae,945108342,included,0
2023-02-24T14:41:12.617Z,307269,ioannis.ziogas@ku.ac.ae,945108343,included,0
2023-02-24T14:41:14.664Z,307269,ioannis.ziogas@ku.ac.ae,945108343,"""__EXR__not sure if text or speech""",1
2023-02-24T14:41:14.680Z,307269,ioannis.ziogas@ku.ac.ae,945108343,included,-1
2023-02-24T14:41:15.883Z,307269,ioannis.ziogas@ku.ac.ae,945108343,included,0
2023-02-24T14:42:30.227Z,307269,ioannis.ziogas@ku.ac.ae,945108344,included,1
2023-02-24T14:48:31.200Z,307269,ioannis.ziogas@ku.ac.ae,945108345,included,0
2023-02-24T14:48:33.263Z,307269,ioannis.ziogas@ku.ac.ae,945108345,"""__EXR__not sure if text or speech""",1
2023-02-24T14:48:33.341Z,307269,ioannis.ziogas@ku.ac.ae,945108345,included,-1
2023-02-24T14:48:35.325Z,307269,ioannis.ziogas@ku.ac.ae,945108345,included,0
2023-02-24T15:10:01.137Z,307269,ioannis.ziogas@ku.ac.ae,945108346,included,1
2023-02-24T15:13:25.640Z,307269,ioannis.ziogas@ku.ac.ae,945108347,included,1
2023-02-24T15:21:07.364Z,307269,ioannis.ziogas@ku.ac.ae,945108348,included,1
2023-02-24T15:29:51.682Z,307269,ioannis.ziogas@ku.ac.ae,945108349,included,-1
2023-02-24T15:29:56.120Z,307269,ioannis.ziogas@ku.ac.ae,945108349,"""__EXR__conversation with robot""",1
2023-02-24T15:29:56.167Z,307269,ioannis.ziogas@ku.ac.ae,945108349,included,-1
2023-02-24T15:31:53.356Z,307269,ioannis.ziogas@ku.ac.ae,945108351,included,1
2023-02-24T15:43:16.895Z,307269,ioannis.ziogas@ku.ac.ae,945108352,included,1
2023-02-24T15:44:59.865Z,307269,ioannis.ziogas@ku.ac.ae,945108353,included,1
2023-02-24T15:54:05.324Z,307269,ioannis.ziogas@ku.ac.ae,945108354,included,-1
2023-02-24T15:54:10.871Z,307269,ioannis.ziogas@ku.ac.ae,945108354,"""__EXR__system design""",1
2023-02-24T15:54:10.903Z,307269,ioannis.ziogas@ku.ac.ae,945108354,included,-1
2023-02-24T15:55:21.950Z,307269,ioannis.ziogas@ku.ac.ae,945108355,"""__EXR__conversation not mentioned""",1
2023-02-24T15:55:22.028Z,307269,ioannis.ziogas@ku.ac.ae,945108355,included,-1
2023-02-24T15:57:21.092Z,307269,ioannis.ziogas@ku.ac.ae,945108356,included,1
2023-02-24T15:58:46.687Z,307269,ioannis.ziogas@ku.ac.ae,945108357,included,0
2023-02-24T15:58:50.093Z,307269,ioannis.ziogas@ku.ac.ae,945108357,"""__EXR__not sure if text or speech""",1
2023-02-24T15:58:50.124Z,307269,ioannis.ziogas@ku.ac.ae,945108357,included,-1
2023-02-24T15:58:51.562Z,307269,ioannis.ziogas@ku.ac.ae,945108357,included,0
2023-02-24T16:19:39.295Z,307269,ioannis.ziogas@ku.ac.ae,945108358,included,1
2023-02-24T16:21:12.140Z,307269,ioannis.ziogas@ku.ac.ae,945108359,included,1
2023-02-24T16:22:44.220Z,307269,ioannis.ziogas@ku.ac.ae,945108960,included,0
2023-02-24T16:22:47.110Z,307269,ioannis.ziogas@ku.ac.ae,945108960,"""__EXR__not sure if text or speech""",1
2023-02-24T16:22:47.157Z,307269,ioannis.ziogas@ku.ac.ae,945108960,included,-1
2023-02-24T16:22:48.501Z,307269,ioannis.ziogas@ku.ac.ae,945108960,included,0
2023-02-24T16:24:50.627Z,307269,ioannis.ziogas@ku.ac.ae,945108962,included,1
2023-02-24T16:26:15.753Z,307269,ioannis.ziogas@ku.ac.ae,945108963,included,1
2023-02-24T16:29:21.474Z,307269,ioannis.ziogas@ku.ac.ae,945108963,included,0
2023-02-24T16:29:25.240Z,307269,ioannis.ziogas@ku.ac.ae,945108963,"""__EXR__not sure if text or speech""",1
2023-02-24T16:29:25.271Z,307269,ioannis.ziogas@ku.ac.ae,945108963,included,-1
2023-02-24T16:29:26.849Z,307269,ioannis.ziogas@ku.ac.ae,945108963,included,0
2023-02-24T16:31:31.210Z,307269,ioannis.ziogas@ku.ac.ae,945108965,included,-1
2023-02-24T16:31:34.757Z,307269,ioannis.ziogas@ku.ac.ae,945108965,"""__EXR__conversation with robot""",1
2023-02-24T16:31:34.804Z,307269,ioannis.ziogas@ku.ac.ae,945108965,included,-1
2023-02-24T16:34:12.946Z,307269,ioannis.ziogas@ku.ac.ae,945108966,included,1
2023-02-24T16:35:37.150Z,307269,ioannis.ziogas@ku.ac.ae,945108967,included,1
2023-02-24T16:36:56.854Z,307269,ioannis.ziogas@ku.ac.ae,945108968,included,1
2023-02-24T16:38:16.949Z,307269,ioannis.ziogas@ku.ac.ae,945108971,included,1
2023-02-24T16:38:54.325Z,307269,ioannis.ziogas@ku.ac.ae,945108973,included,-1
2023-02-24T16:38:58.903Z,307269,ioannis.ziogas@ku.ac.ae,945108973,"""__EXR__conversation with robot""",1
2023-02-24T16:38:59.012Z,307269,ioannis.ziogas@ku.ac.ae,945108973,included,-1
2023-02-24T16:40:14.341Z,307269,ioannis.ziogas@ku.ac.ae,945108975,included,1
2023-02-24T16:42:25.718Z,307269,ioannis.ziogas@ku.ac.ae,945108976,included,0
2023-02-24T16:42:28.515Z,307269,ioannis.ziogas@ku.ac.ae,945108976,"""__EXR__not sure if text or speech""",1
2023-02-24T16:42:28.562Z,307269,ioannis.ziogas@ku.ac.ae,945108976,included,-1
2023-02-24T16:43:50.906Z,307269,ioannis.ziogas@ku.ac.ae,945108977,included,1
2023-02-24T16:49:38.598Z,307269,ioannis.ziogas@ku.ac.ae,945108979,included,-1
2023-02-24T16:49:56.238Z,307269,ioannis.ziogas@ku.ac.ae,945108979,"""__EXR__conversation not mentioned""",1
2023-02-24T16:49:56.270Z,307269,ioannis.ziogas@ku.ac.ae,945108979,included,-1
2023-02-24T17:38:01.976Z,307269,ioannis.ziogas@ku.ac.ae,945108980,included,1
2023-02-25T11:22:45.722Z,307269,ioannis.ziogas@ku.ac.ae,945108981,included,1
2023-02-25T11:23:59.535Z,307269,ioannis.ziogas@ku.ac.ae,945108983,included,-1
2023-02-25T11:24:02.910Z,307269,ioannis.ziogas@ku.ac.ae,945108983,"""__EXR__conversation with robot""",1
2023-02-25T11:24:02.957Z,307269,ioannis.ziogas@ku.ac.ae,945108983,included,-1
2023-02-25T11:25:57.990Z,307269,ioannis.ziogas@ku.ac.ae,945108984,included,-1
2023-02-25T11:26:01.646Z,307269,ioannis.ziogas@ku.ac.ae,945108984,"""__EXR__conversation not mentioned""",1
2023-02-25T11:26:01.677Z,307269,ioannis.ziogas@ku.ac.ae,945108984,included,-1
2023-02-25T11:26:59.584Z,307269,ioannis.ziogas@ku.ac.ae,945108985,included,1
2023-02-25T11:29:19.867Z,307269,ioannis.ziogas@ku.ac.ae,945108987,included,1
2023-02-25T11:31:10.837Z,307269,ioannis.ziogas@ku.ac.ae,945108988,included,1
2023-02-25T11:32:13.260Z,307269,ioannis.ziogas@ku.ac.ae,945108990,included,1
2023-02-25T11:39:14.515Z,307269,ioannis.ziogas@ku.ac.ae,945108992,included,-1
2023-02-25T11:39:17.702Z,307269,ioannis.ziogas@ku.ac.ae,945108992,"""__EXR__no speech""",1
2023-02-25T11:39:17.733Z,307269,ioannis.ziogas@ku.ac.ae,945108992,included,-1
2023-02-25T11:39:24.296Z,307269,ioannis.ziogas@ku.ac.ae,945108992,"""__EXR__text conversation""",1
2023-02-25T11:39:24.327Z,307269,ioannis.ziogas@ku.ac.ae,945108992,included,-1
2023-02-25T11:40:54.953Z,307269,ioannis.ziogas@ku.ac.ae,945108994,included,-1
2023-02-25T11:41:01.407Z,307269,ioannis.ziogas@ku.ac.ae,945108994,"""__EXR__conversation not mentioned""",1
2023-02-25T11:41:01.438Z,307269,ioannis.ziogas@ku.ac.ae,945108994,included,-1
2023-02-25T11:41:22.126Z,307269,ioannis.ziogas@ku.ac.ae,945108994,"""__EXR__no speech""",1
2023-02-25T11:41:22.157Z,307269,ioannis.ziogas@ku.ac.ae,945108994,included,-1
2023-02-25T11:43:08.564Z,307269,ioannis.ziogas@ku.ac.ae,945108995,included,0
2023-02-25T11:43:16.189Z,307269,ioannis.ziogas@ku.ac.ae,945108995,"""__EXR__not sure if text or speech""",1
2023-02-25T11:43:16.268Z,307269,ioannis.ziogas@ku.ac.ae,945108995,included,-1
2023-02-25T11:43:17.533Z,307269,ioannis.ziogas@ku.ac.ae,945108995,included,0
2023-02-25T11:44:20.675Z,307269,ioannis.ziogas@ku.ac.ae,945108996,included,1
2023-02-25T11:46:41.911Z,307269,ioannis.ziogas@ku.ac.ae,945108998,included,1
2023-02-25T11:50:35.679Z,307269,ioannis.ziogas@ku.ac.ae,945108999,included,1
2023-02-25T11:51:51.461Z,307269,ioannis.ziogas@ku.ac.ae,945109000,included,-1
2023-02-25T11:51:53.836Z,307269,ioannis.ziogas@ku.ac.ae,945109000,"""__EXR__duplicate""",1
2023-02-25T11:51:53.914Z,307269,ioannis.ziogas@ku.ac.ae,945109000,included,-1
2023-02-25T11:53:41.118Z,307269,ioannis.ziogas@ku.ac.ae,945109001,included,1
2023-02-25T11:54:22.994Z,307269,ioannis.ziogas@ku.ac.ae,945109003,included,-1
2023-02-25T11:54:30.588Z,307269,ioannis.ziogas@ku.ac.ae,945109003,"""__EXR__no information""",1
2023-02-25T11:54:30.635Z,307269,ioannis.ziogas@ku.ac.ae,945109003,included,-1
2023-02-25T11:55:16.495Z,307269,ioannis.ziogas@ku.ac.ae,945109005,included,-1
2023-02-25T11:55:19.120Z,307269,ioannis.ziogas@ku.ac.ae,945109005,"""__EXR__duplicate""",1
2023-02-25T11:55:19.198Z,307269,ioannis.ziogas@ku.ac.ae,945109005,included,-1
2023-02-25T11:57:36.481Z,307269,ioannis.ziogas@ku.ac.ae,945109006,included,-1
2023-02-25T11:57:58.637Z,307269,ioannis.ziogas@ku.ac.ae,945109006,"""__EXR__no emotion recognition""",1
2023-02-25T11:57:58.668Z,307269,ioannis.ziogas@ku.ac.ae,945109006,included,-1
2023-02-25T11:59:28.029Z,307269,ioannis.ziogas@ku.ac.ae,945109008,included,-1
2023-02-25T11:59:30.701Z,307269,ioannis.ziogas@ku.ac.ae,945109008,"""__EXR__conversation with robot""",1
2023-02-25T11:59:30.763Z,307269,ioannis.ziogas@ku.ac.ae,945109008,included,-1
2023-02-25T12:01:04.968Z,307269,ioannis.ziogas@ku.ac.ae,945109009,included,1
2023-02-25T12:01:49.171Z,307269,ioannis.ziogas@ku.ac.ae,945109010,included,-1
2023-02-25T12:01:51.859Z,307269,ioannis.ziogas@ku.ac.ae,945109010,"""__EXR__conversation not mentioned""",1
2023-02-25T12:01:51.890Z,307269,ioannis.ziogas@ku.ac.ae,945109010,included,-1
2023-02-25T12:02:50.406Z,307269,ioannis.ziogas@ku.ac.ae,945109012,included,-1
2023-02-25T12:02:52.625Z,307269,ioannis.ziogas@ku.ac.ae,945109012,"""__EXR__duplicate""",1
2023-02-25T12:02:52.656Z,307269,ioannis.ziogas@ku.ac.ae,945109012,included,-1
2023-02-25T12:07:54.597Z,307269,ioannis.ziogas@ku.ac.ae,945109013,included,-1
2023-02-25T12:07:57.441Z,307269,ioannis.ziogas@ku.ac.ae,945109013,"""__EXR__duplicate""",1
2023-02-25T12:07:57.488Z,307269,ioannis.ziogas@ku.ac.ae,945109013,included,-1
2023-02-25T12:07:59.769Z,307269,ioannis.ziogas@ku.ac.ae,945109015,included,-1
2023-02-25T12:08:02.082Z,307269,ioannis.ziogas@ku.ac.ae,945109015,"""__EXR__database""",1
2023-02-25T12:08:02.113Z,307269,ioannis.ziogas@ku.ac.ae,945109015,included,-1
2023-02-25T12:08:38.379Z,307269,ioannis.ziogas@ku.ac.ae,945109016,included,-1
2023-02-25T12:08:44.457Z,307269,ioannis.ziogas@ku.ac.ae,945109016,"""__EXR__conversation not mentioned""",1
2023-02-25T12:08:44.488Z,307269,ioannis.ziogas@ku.ac.ae,945109016,included,-1
2023-02-25T12:11:54.834Z,307269,ioannis.ziogas@ku.ac.ae,945109018,included,-1
2023-02-25T12:11:57.819Z,307269,ioannis.ziogas@ku.ac.ae,945109018,"""__EXR__no emotion recognition""",1
2023-02-25T12:11:57.897Z,307269,ioannis.ziogas@ku.ac.ae,945109018,included,-1
2023-02-25T12:17:58.073Z,307269,ioannis.ziogas@ku.ac.ae,945109019,included,1
2023-02-25T12:20:43.059Z,307269,ioannis.ziogas@ku.ac.ae,945109020,included,-1
2023-02-25T12:20:45.778Z,307269,ioannis.ziogas@ku.ac.ae,945109020,"""__EXR__database""",1
2023-02-25T12:20:45.856Z,307269,ioannis.ziogas@ku.ac.ae,945109020,included,-1
2023-02-25T12:23:38.030Z,307269,ioannis.ziogas@ku.ac.ae,945109023,included,-1
2023-02-25T12:23:39.733Z,307269,ioannis.ziogas@ku.ac.ae,945109023,"""__EXR__conversation not mentioned""",1
2023-02-25T12:23:39.765Z,307269,ioannis.ziogas@ku.ac.ae,945109023,included,-1
2023-02-25T12:23:47.218Z,307269,ioannis.ziogas@ku.ac.ae,945109023,"""__EXR__no emotion recognition""",1
2023-02-25T12:23:47.296Z,307269,ioannis.ziogas@ku.ac.ae,945109023,included,-1
2023-02-25T12:24:34.593Z,307269,ioannis.ziogas@ku.ac.ae,945109024,included,-1
2023-02-25T12:24:36.859Z,307269,ioannis.ziogas@ku.ac.ae,945109024,"""__EXR__conversation with robot""",1
2023-02-25T12:24:36.890Z,307269,ioannis.ziogas@ku.ac.ae,945109024,included,-1
2023-02-25T12:25:08.187Z,307269,ioannis.ziogas@ku.ac.ae,945109026,included,-1
2023-02-25T12:25:11.187Z,307269,ioannis.ziogas@ku.ac.ae,945109026,"""__EXR__database""",1
2023-02-25T12:25:11.219Z,307269,ioannis.ziogas@ku.ac.ae,945109026,included,-1
2023-02-25T12:27:40.517Z,307269,ioannis.ziogas@ku.ac.ae,945109027,included,1
2023-02-25T12:28:58.706Z,307269,ioannis.ziogas@ku.ac.ae,945109029,included,1
2023-02-25T12:34:20.819Z,307269,ioannis.ziogas@ku.ac.ae,945109339,included,-1
2023-02-25T12:34:25.350Z,307269,ioannis.ziogas@ku.ac.ae,945109339,"""__EXR__conversation not mentioned""",1
2023-02-25T12:34:25.366Z,307269,ioannis.ziogas@ku.ac.ae,945109339,included,-1
2023-02-25T12:35:40.914Z,307269,ioannis.ziogas@ku.ac.ae,945109340,included,-1
2023-02-25T12:35:42.992Z,307269,ioannis.ziogas@ku.ac.ae,945109340,"""__EXR__duplicate""",1
2023-02-25T12:35:43.023Z,307269,ioannis.ziogas@ku.ac.ae,945109340,included,-1
2023-02-25T12:36:15.242Z,307269,ioannis.ziogas@ku.ac.ae,945109341,included,-1
2023-02-25T12:36:16.883Z,307269,ioannis.ziogas@ku.ac.ae,945109341,"""__EXR__duplicate""",1
2023-02-25T12:36:16.898Z,307269,ioannis.ziogas@ku.ac.ae,945109341,included,-1
2023-02-25T12:38:31.916Z,307269,ioannis.ziogas@ku.ac.ae,945109343,included,1
2023-02-25T12:39:26.151Z,307269,ioannis.ziogas@ku.ac.ae,945109344,included,1
2023-02-25T12:40:28.245Z,307269,ioannis.ziogas@ku.ac.ae,945109345,included,-1
2023-02-25T12:40:29.558Z,307269,ioannis.ziogas@ku.ac.ae,945109345,"""__EXR__duplicate""",1
2023-02-25T12:40:29.589Z,307269,ioannis.ziogas@ku.ac.ae,945109345,included,-1
2023-02-25T12:40:32.933Z,307269,ioannis.ziogas@ku.ac.ae,945109347,"""__EXR__duplicate""",1
2023-02-25T12:40:32.995Z,307269,ioannis.ziogas@ku.ac.ae,945109347,included,-1
2023-02-25T12:40:56.933Z,307269,ioannis.ziogas@ku.ac.ae,945109348,included,-1
2023-02-25T12:40:58.777Z,307269,ioannis.ziogas@ku.ac.ae,945109348,"""__EXR__duplicate""",1
2023-02-25T12:40:58.855Z,307269,ioannis.ziogas@ku.ac.ae,945109348,included,-1
2023-02-25T12:44:14.935Z,307269,ioannis.ziogas@ku.ac.ae,945109349,included,1
2023-02-25T12:45:09.217Z,307269,ioannis.ziogas@ku.ac.ae,945109351,included,-1
2023-02-25T12:45:10.951Z,307269,ioannis.ziogas@ku.ac.ae,945109351,"""__EXR__duplicate""",1
2023-02-25T12:45:10.983Z,307269,ioannis.ziogas@ku.ac.ae,945109351,included,-1
2023-02-25T12:45:40.327Z,307269,ioannis.ziogas@ku.ac.ae,945109352,included,-1
2023-02-25T12:45:42.405Z,307269,ioannis.ziogas@ku.ac.ae,945109352,"""__EXR__duplicate""",1
2023-02-25T12:45:42.436Z,307269,ioannis.ziogas@ku.ac.ae,945109352,included,-1
2023-02-25T12:47:57.032Z,307269,ioannis.ziogas@ku.ac.ae,945109353,included,1
2023-02-25T12:50:19.377Z,307269,ioannis.ziogas@ku.ac.ae,945109355,included,0
2023-02-25T12:50:22.877Z,307269,ioannis.ziogas@ku.ac.ae,945109355,"""__EXR__not sure if text or speech""",1
2023-02-25T12:50:22.908Z,307269,ioannis.ziogas@ku.ac.ae,945109355,included,-1
2023-02-25T12:50:24.908Z,307269,ioannis.ziogas@ku.ac.ae,945109355,included,0
2023-02-25T12:50:40.909Z,307269,ioannis.ziogas@ku.ac.ae,945109356,included,-1
2023-02-25T12:50:41.549Z,307269,ioannis.ziogas@ku.ac.ae,945109356,"""__EXR__duplicate""",1
2023-02-25T12:50:41.627Z,307269,ioannis.ziogas@ku.ac.ae,945109356,included,-1
2023-02-25T12:53:20.332Z,307269,ioannis.ziogas@ku.ac.ae,945109357,included,-1
2023-02-25T12:53:22.207Z,307269,ioannis.ziogas@ku.ac.ae,945109357,"""__EXR__conversation not mentioned""",1
2023-02-25T12:53:22.239Z,307269,ioannis.ziogas@ku.ac.ae,945109357,included,-1
2023-02-25T12:54:24.599Z,307269,ioannis.ziogas@ku.ac.ae,945109359,included,-1
2023-02-25T12:54:33.083Z,307269,ioannis.ziogas@ku.ac.ae,945109359,"""__EXR__text conversation""",1
2023-02-25T12:54:33.114Z,307269,ioannis.ziogas@ku.ac.ae,945109359,included,-1
2023-02-25T12:57:11.288Z,307269,ioannis.ziogas@ku.ac.ae,945109360,included,-1
2023-02-25T12:57:39.085Z,307269,ioannis.ziogas@ku.ac.ae,945109360,"""__EXR__summary of the results of a challenge""",1
2023-02-25T12:57:39.148Z,307269,ioannis.ziogas@ku.ac.ae,945109360,included,-1
2023-02-25T12:57:49.164Z,307269,ioannis.ziogas@ku.ac.ae,945109362,included,-1
2023-02-25T12:57:51.179Z,307269,ioannis.ziogas@ku.ac.ae,945109362,"""__EXR__duplicate""",1
2023-02-25T12:57:51.210Z,307269,ioannis.ziogas@ku.ac.ae,945109362,included,-1
2023-02-25T12:59:36.134Z,307269,ioannis.ziogas@ku.ac.ae,945109365,included,-1
2023-02-25T12:59:38.071Z,307269,ioannis.ziogas@ku.ac.ae,945109365,"""__EXR__duplicate""",1
2023-02-25T12:59:38.087Z,307269,ioannis.ziogas@ku.ac.ae,945109365,included,-1
2023-02-25T13:04:21.043Z,307269,ioannis.ziogas@ku.ac.ae,945109366,included,-1
2023-02-25T13:04:22.684Z,307269,ioannis.ziogas@ku.ac.ae,945109366,"""__EXR__duplicate""",1
2023-02-25T13:04:22.715Z,307269,ioannis.ziogas@ku.ac.ae,945109366,included,-1
2023-02-25T13:05:28.231Z,307269,ioannis.ziogas@ku.ac.ae,945109367,included,-1
2023-02-25T13:05:29.856Z,307269,ioannis.ziogas@ku.ac.ae,945109367,"""__EXR__duplicate""",1
2023-02-25T13:05:29.888Z,307269,ioannis.ziogas@ku.ac.ae,945109367,included,-1
2023-02-25T13:06:33.388Z,307269,ioannis.ziogas@ku.ac.ae,945109368,included,1
2023-02-25T13:08:30.796Z,307269,ioannis.ziogas@ku.ac.ae,945109370,included,1
2023-02-25T13:09:34.016Z,307269,ioannis.ziogas@ku.ac.ae,945109371,included,-1
2023-02-25T13:09:38.109Z,307269,ioannis.ziogas@ku.ac.ae,945109371,"""__EXR__conversation level not used""",1
2023-02-25T13:09:38.141Z,307269,ioannis.ziogas@ku.ac.ae,945109371,included,-1
2023-02-25T13:10:03.766Z,307269,ioannis.ziogas@ku.ac.ae,945109372,included,1
2023-02-25T13:12:46.080Z,307269,ioannis.ziogas@ku.ac.ae,945109374,included,1
2023-02-25T13:14:37.363Z,307269,ioannis.ziogas@ku.ac.ae,945109375,included,-1
2023-02-25T13:14:41.644Z,307269,ioannis.ziogas@ku.ac.ae,945109375,"""__EXR__no emotion recognition""",1
2023-02-25T13:14:41.675Z,307269,ioannis.ziogas@ku.ac.ae,945109375,included,-1
2023-02-25T13:15:27.692Z,307269,ioannis.ziogas@ku.ac.ae,945109376,included,-1
2023-02-25T13:16:02.036Z,307269,ioannis.ziogas@ku.ac.ae,945109376,"""__EXR__no AI""",1
2023-02-25T13:16:02.067Z,307269,ioannis.ziogas@ku.ac.ae,945109376,included,-1
2023-02-25T13:18:42.850Z,307269,ioannis.ziogas@ku.ac.ae,945109377,included,-1
2023-02-25T13:18:44.460Z,307269,ioannis.ziogas@ku.ac.ae,945109377,"""__EXR__conversation not mentioned""",1
2023-02-25T13:18:44.491Z,307269,ioannis.ziogas@ku.ac.ae,945109377,included,-1
2023-02-25T13:18:55.428Z,307269,ioannis.ziogas@ku.ac.ae,945109379,included,-1
2023-02-25T13:18:57.663Z,307269,ioannis.ziogas@ku.ac.ae,945109379,"""__EXR__duplicate""",1
2023-02-25T13:18:57.694Z,307269,ioannis.ziogas@ku.ac.ae,945109379,included,-1
2023-02-25T13:19:52.445Z,307269,ioannis.ziogas@ku.ac.ae,945109380,included,1
2023-02-25T13:20:15.011Z,307269,ioannis.ziogas@ku.ac.ae,945108137,included,-1
2023-02-25T13:20:17.586Z,307269,ioannis.ziogas@ku.ac.ae,945108137,"""__EXR__duplicate""",1
2023-02-25T13:20:17.632Z,307269,ioannis.ziogas@ku.ac.ae,945108137,included,-1
2023-02-25T13:20:20.211Z,307269,ioannis.ziogas@ku.ac.ae,945109381,included,-1
2023-02-25T13:20:20.882Z,307269,ioannis.ziogas@ku.ac.ae,945109381,"""__EXR__duplicate""",1
2023-02-25T13:20:20.978Z,307269,ioannis.ziogas@ku.ac.ae,945109381,included,-1
2023-02-25T13:20:59.930Z,307269,ioannis.ziogas@ku.ac.ae,945108153,included,-1
2023-02-25T13:21:01.977Z,307269,ioannis.ziogas@ku.ac.ae,945108153,"""__EXR__duplicate""",1
2023-02-25T13:21:02.008Z,307269,ioannis.ziogas@ku.ac.ae,945108153,included,-1
2023-02-25T13:21:10.164Z,307269,ioannis.ziogas@ku.ac.ae,945109382,included,-1
2023-02-25T13:21:13.258Z,307269,ioannis.ziogas@ku.ac.ae,945109382,"""__EXR__duplicate""",1
2023-02-25T13:21:13.289Z,307269,ioannis.ziogas@ku.ac.ae,945109382,included,-1
2023-02-25T13:22:25.853Z,307269,ioannis.ziogas@ku.ac.ae,945109383,included,-1
2023-02-25T13:22:28.665Z,307269,ioannis.ziogas@ku.ac.ae,945109383,"""__EXR__no AI""",1
2023-02-25T13:22:28.696Z,307269,ioannis.ziogas@ku.ac.ae,945109383,included,-1
2023-02-25T13:26:35.418Z,307269,ioannis.ziogas@ku.ac.ae,945109385,included,1
2023-02-25T13:50:15.122Z,307173,ghada.alhussein@ku.ac.ae,945108039,included,1
2023-02-25T13:50:24.294Z,307173,ghada.alhussein@ku.ac.ae,945108040,included,1
2023-02-25T13:50:47.125Z,307173,ghada.alhussein@ku.ac.ae,945108041,included,1
2023-02-25T13:51:10.201Z,307173,ghada.alhussein@ku.ac.ae,945108042,included,1
2023-02-25T13:51:31.436Z,307173,ghada.alhussein@ku.ac.ae,945108043,included,-1
2023-02-25T13:51:38.670Z,307173,ghada.alhussein@ku.ac.ae,945108043,"""__EXR__not in English""",1
2023-02-25T13:51:38.701Z,307173,ghada.alhussein@ku.ac.ae,945108043,included,-1
2023-02-25T13:52:01.717Z,307173,ghada.alhussein@ku.ac.ae,945108044,included,1
2023-02-25T13:52:11.092Z,307173,ghada.alhussein@ku.ac.ae,945108045,included,1
2023-02-25T13:52:20.967Z,307173,ghada.alhussein@ku.ac.ae,945108046,included,-1
2023-02-25T13:52:22.874Z,307173,ghada.alhussein@ku.ac.ae,945108046,"""__EXR__database""",1
2023-02-25T13:52:22.889Z,307173,ghada.alhussein@ku.ac.ae,945108046,included,-1
2023-02-25T13:53:12.187Z,307173,ghada.alhussein@ku.ac.ae,945108131,included,1
2023-02-25T13:53:25.531Z,307173,ghada.alhussein@ku.ac.ae,945108132,included,1
2023-02-25T13:53:30.015Z,307173,ghada.alhussein@ku.ac.ae,945108133,included,1
2023-02-25T13:53:40.546Z,307173,ghada.alhussein@ku.ac.ae,945108134,included,1
2023-02-25T13:53:44.265Z,307173,ghada.alhussein@ku.ac.ae,945108135,included,1
2023-02-25T13:54:45.657Z,307173,ghada.alhussein@ku.ac.ae,945108136,included,-1
2023-02-25T13:54:57.625Z,307173,ghada.alhussein@ku.ac.ae,945108136,included,-1
2023-02-25T13:55:19.438Z,307173,ghada.alhussein@ku.ac.ae,945108139,included,1
2023-02-25T13:55:25.829Z,307173,ghada.alhussein@ku.ac.ae,945108140,included,1
2023-02-25T13:55:32.579Z,307173,ghada.alhussein@ku.ac.ae,945108142,included,1
2023-02-25T13:55:41.360Z,307173,ghada.alhussein@ku.ac.ae,945108143,included,1
2023-02-25T13:55:58.626Z,307173,ghada.alhussein@ku.ac.ae,945108144,included,1
2023-02-25T13:56:02.861Z,307173,ghada.alhussein@ku.ac.ae,945108145,included,1
2023-02-25T13:56:12.673Z,307173,ghada.alhussein@ku.ac.ae,945108146,included,-1
2023-02-25T13:56:21.048Z,307173,ghada.alhussein@ku.ac.ae,945108146,included,-1
2023-02-25T13:56:28.658Z,307173,ghada.alhussein@ku.ac.ae,945108146,included,-1
2023-02-25T13:56:33.252Z,307173,ghada.alhussein@ku.ac.ae,945108146,"""__EXR__no abstract""",1
2023-02-25T13:56:33.298Z,307173,ghada.alhussein@ku.ac.ae,945108146,included,-1
2023-02-25T13:57:06.596Z,307173,ghada.alhussein@ku.ac.ae,945108147,included,-1
2023-02-25T13:57:17.705Z,307173,ghada.alhussein@ku.ac.ae,945108147,"""__EXR__no emotion recogntion""",1
2023-02-25T13:57:17.752Z,307173,ghada.alhussein@ku.ac.ae,945108147,included,-1
2023-02-25T13:57:29.205Z,307173,ghada.alhussein@ku.ac.ae,945108148,included,1
2023-02-25T13:57:48.612Z,307173,ghada.alhussein@ku.ac.ae,945108149,included,1
2023-02-25T13:58:38.550Z,307173,ghada.alhussein@ku.ac.ae,945108150,included,1
2023-02-25T13:58:51.456Z,307173,ghada.alhussein@ku.ac.ae,945108151,included,1
2023-02-25T13:58:54.972Z,307173,ghada.alhussein@ku.ac.ae,945108152,included,1
2023-02-25T13:59:16.957Z,307173,ghada.alhussein@ku.ac.ae,945108154,included,1
2023-02-25T13:59:23.347Z,307173,ghada.alhussein@ku.ac.ae,945108155,included,-1
2023-02-25T13:59:27.566Z,307173,ghada.alhussein@ku.ac.ae,945108155,"""__EXR__text conversation""",1
2023-02-25T13:59:27.660Z,307173,ghada.alhussein@ku.ac.ae,945108155,included,-1
2023-02-25T14:00:19.708Z,307173,ghada.alhussein@ku.ac.ae,945108156,included,1
2023-02-25T14:00:30.583Z,307173,ghada.alhussein@ku.ac.ae,945108157,included,1
2023-02-25T14:00:38.630Z,307173,ghada.alhussein@ku.ac.ae,945108158,included,1
2023-02-25T14:00:49.380Z,307173,ghada.alhussein@ku.ac.ae,945108159,included,1
2023-02-25T14:00:54.333Z,307173,ghada.alhussein@ku.ac.ae,945108160,included,1
2023-02-25T14:00:58.130Z,307173,ghada.alhussein@ku.ac.ae,945108161,included,1
2023-02-25T14:01:08.911Z,307173,ghada.alhussein@ku.ac.ae,945108162,included,1
2023-02-25T14:01:15.974Z,307173,ghada.alhussein@ku.ac.ae,945108163,included,1
2023-02-25T14:01:35.412Z,307173,ghada.alhussein@ku.ac.ae,945108164,included,1
2023-02-25T14:01:50.037Z,307173,ghada.alhussein@ku.ac.ae,945108165,included,1
2023-02-25T14:01:58.146Z,307173,ghada.alhussein@ku.ac.ae,945108166,included,1
2023-02-25T14:02:07.021Z,307173,ghada.alhussein@ku.ac.ae,945108167,included,1
2023-02-25T14:02:50.115Z,307173,ghada.alhussein@ku.ac.ae,945108168,"""__EXR__no conversation""",1
2023-02-25T14:02:50.162Z,307173,ghada.alhussein@ku.ac.ae,945108168,included,-1
2023-02-25T14:02:59.506Z,307173,ghada.alhussein@ku.ac.ae,945108169,included,1
2023-02-25T14:03:03.194Z,307173,ghada.alhussein@ku.ac.ae,945108170,included,1
2023-02-25T14:03:09.459Z,307173,ghada.alhussein@ku.ac.ae,945108171,included,1
2023-02-25T14:03:18.428Z,307173,ghada.alhussein@ku.ac.ae,945108172,included,1
2023-02-25T14:03:21.960Z,307173,ghada.alhussein@ku.ac.ae,945108174,included,1
2023-02-25T14:03:26.366Z,307173,ghada.alhussein@ku.ac.ae,945108175,included,1
2023-02-25T14:03:30.553Z,307173,ghada.alhussein@ku.ac.ae,945108176,included,1
2023-02-25T14:03:53.991Z,307173,ghada.alhussein@ku.ac.ae,945108177,included,1
2023-02-25T14:04:03.523Z,307173,ghada.alhussein@ku.ac.ae,945108178,included,1
2023-02-25T14:04:09.054Z,307173,ghada.alhussein@ku.ac.ae,945108179,included,1
2023-02-25T14:04:19.085Z,307173,ghada.alhussein@ku.ac.ae,945108180,included,1
2023-02-25T14:04:35.367Z,307173,ghada.alhussein@ku.ac.ae,945108181,included,1
2023-02-25T14:04:41.992Z,307173,ghada.alhussein@ku.ac.ae,945108182,included,1
2023-02-25T14:05:21.539Z,307173,ghada.alhussein@ku.ac.ae,945108028,included,-1
2023-02-25T14:05:24.055Z,307173,ghada.alhussein@ku.ac.ae,945108028,"""__EXR__duplicate""",1
2023-02-25T14:05:24.086Z,307173,ghada.alhussein@ku.ac.ae,945108028,included,-1
2023-02-25T14:05:29.086Z,307173,ghada.alhussein@ku.ac.ae,945108353,included,-1
2023-02-25T14:05:33.649Z,307173,ghada.alhussein@ku.ac.ae,945108353,"""__EXR__duplicate""",1
2023-02-25T14:05:33.758Z,307173,ghada.alhussein@ku.ac.ae,945108353,included,-1
2023-02-25T14:05:41.696Z,307173,ghada.alhussein@ku.ac.ae,945108158,included,-1
2023-02-25T14:05:43.492Z,307173,ghada.alhussein@ku.ac.ae,945108158,"""__EXR__duplicate""",1
2023-02-25T14:05:43.524Z,307173,ghada.alhussein@ku.ac.ae,945108158,included,-1
2023-02-25T14:06:10.961Z,307173,ghada.alhussein@ku.ac.ae,945108176,included,-1
2023-02-25T14:06:14.055Z,307173,ghada.alhussein@ku.ac.ae,945108176,"""__EXR__duplicate""",1
2023-02-25T14:06:14.149Z,307173,ghada.alhussein@ku.ac.ae,945108176,included,-1
2023-02-25T14:07:19.415Z,307173,ghada.alhussein@ku.ac.ae,945108151,included,-1
2023-02-25T14:07:21.244Z,307173,ghada.alhussein@ku.ac.ae,945108151,"""__EXR__duplicate""",1
2023-02-25T14:07:21.290Z,307173,ghada.alhussein@ku.ac.ae,945108151,included,-1
2023-02-25T14:07:55.103Z,307173,ghada.alhussein@ku.ac.ae,945108145,included,-1
2023-02-25T14:07:56.838Z,307173,ghada.alhussein@ku.ac.ae,945108145,"""__EXR__duplicate""",1
2023-02-25T14:07:56.869Z,307173,ghada.alhussein@ku.ac.ae,945108145,included,-1
2023-02-25T14:08:01.728Z,307173,ghada.alhussein@ku.ac.ae,945108152,"""__EXR__duplicate""",1
2023-02-25T14:08:01.822Z,307173,ghada.alhussein@ku.ac.ae,945108152,included,-1
2023-02-25T14:08:16.838Z,307173,ghada.alhussein@ku.ac.ae,945108152,included,-1
2023-02-25T14:08:22.510Z,307173,ghada.alhussein@ku.ac.ae,945108182,"""__EXR__duplicate""",1
2023-02-25T14:08:22.541Z,307173,ghada.alhussein@ku.ac.ae,945108182,included,-1
2023-02-25T14:08:34.854Z,307173,ghada.alhussein@ku.ac.ae,945107996,included,-1
2023-02-25T14:08:37.744Z,307173,ghada.alhussein@ku.ac.ae,945107996,"""__EXR__duplicate""",1
2023-02-25T14:08:37.776Z,307173,ghada.alhussein@ku.ac.ae,945107996,included,-1
2023-02-25T14:08:42.494Z,307173,ghada.alhussein@ku.ac.ae,945108990,included,-1
2023-02-25T14:08:44.291Z,307173,ghada.alhussein@ku.ac.ae,945108990,"""__EXR__duplicate""",1
2023-02-25T14:08:44.401Z,307173,ghada.alhussein@ku.ac.ae,945108990,included,-1
2023-02-25T14:08:52.307Z,307173,ghada.alhussein@ku.ac.ae,945108180,included,-1
2023-02-25T14:08:54.635Z,307173,ghada.alhussein@ku.ac.ae,945108180,"""__EXR__duplicate""",1
2023-02-25T14:08:54.651Z,307173,ghada.alhussein@ku.ac.ae,945108180,included,-1
2023-02-25T14:09:08.417Z,307173,ghada.alhussein@ku.ac.ae,945108032,included,-1
2023-02-25T14:09:10.354Z,307173,ghada.alhussein@ku.ac.ae,945108032,"""__EXR__duplicate""",1
2023-02-25T14:09:10.401Z,307173,ghada.alhussein@ku.ac.ae,945108032,included,-1
2023-02-25T14:09:16.604Z,307173,ghada.alhussein@ku.ac.ae,945108179,included,-1
2023-02-25T14:09:19.932Z,307173,ghada.alhussein@ku.ac.ae,945108179,"""__EXR__duplicate""",1
2023-02-25T14:09:19.964Z,307173,ghada.alhussein@ku.ac.ae,945108179,included,-1
2023-02-25T14:09:42.214Z,307173,ghada.alhussein@ku.ac.ae,945108000,included,-1
2023-02-25T14:09:44.276Z,307173,ghada.alhussein@ku.ac.ae,945108000,"""__EXR__duplicate""",1
2023-02-25T14:09:44.370Z,307173,ghada.alhussein@ku.ac.ae,945108000,included,-1
2023-02-25T14:10:04.417Z,307173,ghada.alhussein@ku.ac.ae,945108008,included,-1
2023-02-25T14:10:07.933Z,307173,ghada.alhussein@ku.ac.ae,945108008,"""__EXR__duplicate""",1
2023-02-25T14:10:07.995Z,307173,ghada.alhussein@ku.ac.ae,945108008,included,-1
2023-02-25T14:10:12.433Z,307173,ghada.alhussein@ku.ac.ae,945108181,included,-1
2023-02-25T14:10:14.761Z,307173,ghada.alhussein@ku.ac.ae,945108181,"""__EXR__duplicate""",1
2023-02-25T14:10:14.824Z,307173,ghada.alhussein@ku.ac.ae,945108181,included,-1
2023-02-25T14:10:23.871Z,307173,ghada.alhussein@ku.ac.ae,945108036,included,-1
2023-02-25T14:10:27.261Z,307173,ghada.alhussein@ku.ac.ae,945108036,"""__EXR__duplicate""",1
2023-02-25T14:10:27.371Z,307173,ghada.alhussein@ku.ac.ae,945108036,included,-1
2023-02-25T14:10:48.308Z,307173,ghada.alhussein@ku.ac.ae,945108171,included,-1
2023-02-25T14:10:51.668Z,307173,ghada.alhussein@ku.ac.ae,945108171,"""__EXR__duplicate""",1
2023-02-25T14:10:51.699Z,307173,ghada.alhussein@ku.ac.ae,945108171,included,-1
2023-02-25T14:11:24.059Z,307173,ghada.alhussein@ku.ac.ae,945108163,included,-1
2023-02-25T14:11:26.559Z,307173,ghada.alhussein@ku.ac.ae,945108163,"""__EXR__duplicate""",1
2023-02-25T14:11:26.606Z,307173,ghada.alhussein@ku.ac.ae,945108163,included,-1
2023-02-25T14:12:03.731Z,307173,ghada.alhussein@ku.ac.ae,945108178,included,-1
2023-02-25T14:12:05.747Z,307173,ghada.alhussein@ku.ac.ae,945108178,"""__EXR__duplicate""",1
2023-02-25T14:12:05.778Z,307173,ghada.alhussein@ku.ac.ae,945108178,included,-1
2023-02-25T14:12:14.028Z,307173,ghada.alhussein@ku.ac.ae,945108172,included,-1
2023-02-25T14:12:15.981Z,307173,ghada.alhussein@ku.ac.ae,945108172,"""__EXR__duplicate""",1
2023-02-25T14:12:16.059Z,307173,ghada.alhussein@ku.ac.ae,945108172,included,-1
2023-02-25T14:12:23.559Z,307173,ghada.alhussein@ku.ac.ae,945108005,included,-1
2023-02-25T14:12:25.669Z,307173,ghada.alhussein@ku.ac.ae,945108005,"""__EXR__duplicate""",1
2023-02-25T14:12:25.700Z,307173,ghada.alhussein@ku.ac.ae,945108005,included,-1
2023-02-25T14:12:54.903Z,307173,ghada.alhussein@ku.ac.ae,945108133,included,-1
2023-02-25T14:12:56.497Z,307173,ghada.alhussein@ku.ac.ae,945108133,"""__EXR__duplicate""",1
2023-02-25T14:12:56.544Z,307173,ghada.alhussein@ku.ac.ae,945108133,included,-1
2023-02-25T14:13:04.528Z,307173,ghada.alhussein@ku.ac.ae,945108149,included,-1
2023-02-25T14:13:06.669Z,307173,ghada.alhussein@ku.ac.ae,945108149,"""__EXR__duplicate""",1
2023-02-25T14:13:06.762Z,307173,ghada.alhussein@ku.ac.ae,945108149,included,-1
2023-02-25T14:13:18.060Z,307173,ghada.alhussein@ku.ac.ae,945108020,included,-1
2023-02-25T14:13:21.091Z,307173,ghada.alhussein@ku.ac.ae,945108020,"""__EXR__duplicate""",1
2023-02-25T14:13:21.247Z,307173,ghada.alhussein@ku.ac.ae,945108020,included,-1
2023-02-25T14:13:53.967Z,307173,ghada.alhussein@ku.ac.ae,945108042,included,-1
2023-02-25T14:13:57.233Z,307173,ghada.alhussein@ku.ac.ae,945108042,"""__EXR__duplicate""",1
2023-02-25T14:13:57.264Z,307173,ghada.alhussein@ku.ac.ae,945108042,included,-1
2023-02-25T14:14:11.327Z,307173,ghada.alhussein@ku.ac.ae,945108016,included,-1
2023-02-25T14:14:13.717Z,307173,ghada.alhussein@ku.ac.ae,945108016,"""__EXR__duplicate""",1
2023-02-25T14:14:13.811Z,307173,ghada.alhussein@ku.ac.ae,945108016,included,-1
2023-02-25T14:14:15.420Z,307173,ghada.alhussein@ku.ac.ae,945108029,included,-1
2023-02-25T14:14:16.764Z,307173,ghada.alhussein@ku.ac.ae,945108029,"""__EXR__duplicate""",1
2023-02-25T14:14:16.858Z,307173,ghada.alhussein@ku.ac.ae,945108029,included,-1
2023-02-25T14:16:04.547Z,307173,ghada.alhussein@ku.ac.ae,945108990,included,-1
2023-02-25T14:16:07.437Z,307173,ghada.alhussein@ku.ac.ae,945108353,included,-1
2023-03-01T12:44:48.325Z,307173,ghada.alhussein@ku.ac.ae,945108023,included,-1
2023-03-01T12:44:50.684Z,307173,ghada.alhussein@ku.ac.ae,945108023,"""__EXR__duplicate""",1
2023-03-01T12:44:50.950Z,307173,ghada.alhussein@ku.ac.ae,945108023,included,-1
2023-03-05T09:22:41.671Z,307269,ioannis.ziogas@ku.ac.ae,945108342,included,-1
2023-03-05T09:25:24.219Z,307269,ioannis.ziogas@ku.ac.ae,945108343,included,-1
2023-03-05T09:25:34.298Z,307269,ioannis.ziogas@ku.ac.ae,945108343,"""__EXR__text conversation""",1
2023-03-05T09:25:34.376Z,307269,ioannis.ziogas@ku.ac.ae,945108343,included,-1
2023-03-05T09:31:32.692Z,307269,ioannis.ziogas@ku.ac.ae,945108345,included,-1
2023-03-05T09:31:41.021Z,307269,ioannis.ziogas@ku.ac.ae,945108345,"""__EXR__text conversation""",1
2023-03-05T09:31:41.036Z,307269,ioannis.ziogas@ku.ac.ae,945108345,included,-1
2023-03-05T09:33:43.366Z,307269,ioannis.ziogas@ku.ac.ae,945108357,included,-1
2023-03-05T09:33:46.444Z,307269,ioannis.ziogas@ku.ac.ae,945108357,"""__EXR__text conversation""",1
2023-03-05T09:33:46.491Z,307269,ioannis.ziogas@ku.ac.ae,945108357,included,-1
2023-03-05T09:37:44.087Z,307269,ioannis.ziogas@ku.ac.ae,945108960,included,-1
2023-03-05T09:37:44.915Z,307269,ioannis.ziogas@ku.ac.ae,945108960,"""__EXR__text conversation""",1
2023-03-05T09:37:44.947Z,307269,ioannis.ziogas@ku.ac.ae,945108960,included,-1
2023-03-05T09:40:12.339Z,307269,ioannis.ziogas@ku.ac.ae,945108963,included,1
2023-03-05T09:44:10.264Z,307269,ioannis.ziogas@ku.ac.ae,945108995,included,1
2023-03-05T09:54:35.709Z,307269,ioannis.ziogas@ku.ac.ae,945109355,included,-1
2023-03-05T09:56:52.570Z,307269,ioannis.ziogas@ku.ac.ae,945108338,included,-1
2023-03-05T09:56:54.991Z,307269,ioannis.ziogas@ku.ac.ae,945108338,"""__EXR__text conversation""",1
2023-03-05T09:56:55.023Z,307269,ioannis.ziogas@ku.ac.ae,945108338,included,-1
2023-03-05T09:57:02.273Z,307269,ioannis.ziogas@ku.ac.ae,945108342,"""__EXR__text conversation""",1
2023-03-05T09:57:02.304Z,307269,ioannis.ziogas@ku.ac.ae,945108342,included,-1
2023-03-05T09:57:07.601Z,307269,ioannis.ziogas@ku.ac.ae,945109355,"""__EXR__text conversation""",1
2023-03-05T09:57:07.632Z,307269,ioannis.ziogas@ku.ac.ae,945109355,included,-1
2023-03-05T10:00:11.963Z,307269,ioannis.ziogas@ku.ac.ae,945108298,included,-1
2023-03-05T10:02:29.042Z,307269,ioannis.ziogas@ku.ac.ae,945108311,included,-1
2023-03-05T10:04:08.590Z,307269,ioannis.ziogas@ku.ac.ae,945108313,included,-1
2023-03-05T10:05:05.575Z,307269,ioannis.ziogas@ku.ac.ae,945108315,included,-1
2023-03-05T10:05:11.122Z,307269,ioannis.ziogas@ku.ac.ae,945108315,"""__EXR__duplicate""",1
2023-03-05T10:05:11.169Z,307269,ioannis.ziogas@ku.ac.ae,945108315,included,-1
2023-03-05T10:09:41.750Z,307269,ioannis.ziogas@ku.ac.ae,945108319,included,-1
2023-03-05T10:09:45.126Z,307269,ioannis.ziogas@ku.ac.ae,945108319,"""__EXR__text conversation""",1
2023-03-05T10:09:45.172Z,307269,ioannis.ziogas@ku.ac.ae,945108319,included,-1
2023-03-05T10:11:10.689Z,307269,ioannis.ziogas@ku.ac.ae,945108317,included,-1
2023-03-05T10:15:18.536Z,307269,ioannis.ziogas@ku.ac.ae,945108037,included,-1
2023-03-05T10:15:45.645Z,307269,ioannis.ziogas@ku.ac.ae,945108353,included,-1
2023-03-05T10:15:47.395Z,307269,ioannis.ziogas@ku.ac.ae,945108990,included,-1
2023-03-05T10:17:22.271Z,307269,ioannis.ziogas@ku.ac.ae,945108037,"""__EXR__conversation level not used""",1
2023-03-05T10:17:22.381Z,307269,ioannis.ziogas@ku.ac.ae,945108037,included,-1
2023-03-06T05:28:35.721Z,307173,ghada.alhussein@ku.ac.ae,945108166,included,-1
2023-03-06T05:28:41.502Z,307173,ghada.alhussein@ku.ac.ae,945108166,"""__EXR__conversation with robot""",1
2023-03-06T05:28:41.534Z,307173,ghada.alhussein@ku.ac.ae,945108166,included,-1
2023-03-07T05:48:01.575Z,310850,shiza.saleem@ku.ac.ae,945109344,included,-1
2023-03-07T07:18:50.108Z,307173,ghada.alhussein@ku.ac.ae,945108154,included,-1
2023-03-07T07:19:04.327Z,307173,ghada.alhussein@ku.ac.ae,945108154,"""__EXR__oneemotionclass""",1
2023-03-07T07:19:04.389Z,307173,ghada.alhussein@ku.ac.ae,945108154,included,-1
2023-03-07T10:25:46.099Z,307173,ghada.alhussein@ku.ac.ae,945109349,included,-1
2023-03-07T10:26:04.599Z,307173,ghada.alhussein@ku.ac.ae,945109349,"""__EXR__not available""",1
2023-03-07T10:26:04.630Z,307173,ghada.alhussein@ku.ac.ae,945109349,included,-1
2023-03-07T10:37:01.466Z,307173,ghada.alhussein@ku.ac.ae,945108325,included,-1
2023-03-07T10:37:16.732Z,307173,ghada.alhussein@ku.ac.ae,945108325,"""__EXR__no clear emotion categories""",1
2023-03-07T10:37:16.763Z,307173,ghada.alhussein@ku.ac.ae,945108325,included,-1
2023-03-08T18:46:00.213Z,307269,ioannis.ziogas@ku.ac.ae,945108030,included,-1
2023-03-08T18:48:00.371Z,307269,ioannis.ziogas@ku.ac.ae,945108030,"""__EXR__text conversation""",1
2023-03-08T18:48:00.449Z,307269,ioannis.ziogas@ku.ac.ae,945108030,included,-1
2023-03-08T18:48:21.558Z,307269,ioannis.ziogas@ku.ac.ae,945108007,"""__EXR__text conversation""",1
2023-03-08T18:48:21.605Z,307269,ioannis.ziogas@ku.ac.ae,945108007,included,-1
2023-03-08T18:48:23.012Z,307269,ioannis.ziogas@ku.ac.ae,945108007,included,-1
2023-03-08T18:48:24.996Z,307269,ioannis.ziogas@ku.ac.ae,945108007,included,-1
2023-03-08T18:48:59.903Z,307269,ioannis.ziogas@ku.ac.ae,945109353,"""__EXR__not available""",1
2023-03-08T18:49:00.012Z,307269,ioannis.ziogas@ku.ac.ae,945109353,included,-1
2023-03-08T18:49:00.668Z,307269,ioannis.ziogas@ku.ac.ae,945109353,included,-1
2023-03-08T18:49:13.418Z,307269,ioannis.ziogas@ku.ac.ae,945108003,"""__EXR__not in English""",1
2023-03-08T18:49:13.497Z,307269,ioannis.ziogas@ku.ac.ae,945108003,included,-1
2023-03-08T18:49:20.778Z,307269,ioannis.ziogas@ku.ac.ae,945108003,"""__EXR__text conversation""",1
2023-03-08T18:49:20.872Z,307269,ioannis.ziogas@ku.ac.ae,945108003,included,-1
2023-03-08T18:50:00.591Z,307269,ioannis.ziogas@ku.ac.ae,945107989,"""__EXR__text conversation""",1
2023-03-08T18:50:00.622Z,307269,ioannis.ziogas@ku.ac.ae,945107989,included,-1
2023-03-08T18:50:01.794Z,307269,ioannis.ziogas@ku.ac.ae,945107989,included,-1
2023-03-08T18:50:20.200Z,307269,ioannis.ziogas@ku.ac.ae,945108337,"""__EXR__not available""",1
2023-03-08T18:50:20.232Z,307269,ioannis.ziogas@ku.ac.ae,945108337,included,-1
2023-03-08T18:50:22.700Z,307269,ioannis.ziogas@ku.ac.ae,945108337,included,-1
2023-03-08T18:50:35.279Z,307269,ioannis.ziogas@ku.ac.ae,945108013,"""__EXR__text conversation""",1
2023-03-08T18:50:35.310Z,307269,ioannis.ziogas@ku.ac.ae,945108013,included,-1
2023-03-08T18:50:36.560Z,307269,ioannis.ziogas@ku.ac.ae,945108013,included,-1
2023-03-08T18:50:51.498Z,307269,ioannis.ziogas@ku.ac.ae,945108967,"""__EXR__text conversation""",1
2023-03-08T18:50:51.560Z,307269,ioannis.ziogas@ku.ac.ae,945108967,included,-1
2023-03-08T18:51:07.420Z,307269,ioannis.ziogas@ku.ac.ae,945108967,"""__EXR__no emotion recognition""",1
2023-03-08T18:51:07.451Z,307269,ioannis.ziogas@ku.ac.ae,945108967,included,-1
2023-03-08T18:51:46.639Z,307269,ioannis.ziogas@ku.ac.ae,945108320,"""__EXR__text conversation""",1
2023-03-08T18:51:46.670Z,307269,ioannis.ziogas@ku.ac.ae,945108320,included,-1
2023-03-08T18:51:47.577Z,307269,ioannis.ziogas@ku.ac.ae,945108320,included,-1
2023-03-09T06:07:44.167Z,310850,shiza.saleem@ku.ac.ae,945108999,included,-1
2023-03-09T06:08:17.183Z,310850,shiza.saleem@ku.ac.ae,945108999,"""__EXR__seperate metric for each emotion not avaliable""",1
2023-03-09T06:08:17.230Z,310850,shiza.saleem@ku.ac.ae,945108999,included,-1
2023-03-09T11:08:39.305Z,310850,shiza.saleem@ku.ac.ae,945108012,included,-1
2023-03-09T11:08:52.524Z,310850,shiza.saleem@ku.ac.ae,945108012,"""__EXR__seperate metric for each emotion not avaliable""",1
2023-03-09T11:08:52.602Z,310850,shiza.saleem@ku.ac.ae,945108012,included,-1
2023-03-09T11:14:19.463Z,310850,shiza.saleem@ku.ac.ae,945108015,included,-1
2023-03-09T11:15:16.151Z,310850,shiza.saleem@ku.ac.ae,945109344,"""__EXR__Full paper\\ not avaliable""",1
2023-03-09T11:15:16.245Z,310850,shiza.saleem@ku.ac.ae,945109344,included,-1
2023-03-09T11:15:35.182Z,310850,shiza.saleem@ku.ac.ae,945108015,"""__EXR__seperate metric for each emotion not avaliable""",1
2023-03-09T11:15:35.245Z,310850,shiza.saleem@ku.ac.ae,945108015,included,-1
2023-03-09T12:26:53.469Z,310850,shiza.saleem@ku.ac.ae,945108981,included,-1
2023-03-09T12:27:00.782Z,310850,shiza.saleem@ku.ac.ae,945108981,"""__EXR__seperate metric for each emotion not avaliable""",1
2023-03-09T12:27:00.829Z,310850,shiza.saleem@ku.ac.ae,945108981,included,-1
2023-03-09T12:50:45.033Z,310850,shiza.saleem@ku.ac.ae,945108029,"""__EXR__seperate metric for each emotion not avaliable""",1
2023-03-09T12:50:45.142Z,310850,shiza.saleem@ku.ac.ae,945108029,included,-1
2023-03-13T11:29:49.390Z,307173,ghada.alhussein@ku.ac.ae,945108135,included,0
2023-03-13T11:30:14.047Z,307173,ghada.alhussein@ku.ac.ae,945108135,"""__EXR__only syst review  no sampe number""",1
2023-03-13T11:30:14.125Z,307173,ghada.alhussein@ku.ac.ae,945108135,included,-1
2023-03-13T11:30:16.985Z,307173,ghada.alhussein@ku.ac.ae,945108135,included,0
2023-03-13T11:54:59.330Z,307173,ghada.alhussein@ku.ac.ae,945109372,included,0
2023-03-13T11:55:05.205Z,307173,ghada.alhussein@ku.ac.ae,945109372,"""__EXR__only syst review  no sampe number""",1
2023-03-13T11:55:05.268Z,307173,ghada.alhussein@ku.ac.ae,945109372,included,-1
2023-03-14T10:06:41.783Z,310850,shiza.saleem@ku.ac.ae,945109029,included,-1
2023-03-14T10:06:51.205Z,310850,shiza.saleem@ku.ac.ae,945109029,"""__EXR__no clear emotion categories""",1
2023-03-14T10:06:51.252Z,310850,shiza.saleem@ku.ac.ae,945109029,included,-1
2023-03-14T10:19:27.777Z,310850,shiza.saleem@ku.ac.ae,945108144,included,-1
2023-03-14T10:20:13.137Z,310850,shiza.saleem@ku.ac.ae,945108144,"""__EXR__no separate emotion categories""",1
2023-03-14T10:20:13.184Z,310850,shiza.saleem@ku.ac.ae,945108144,included,-1
2023-03-14T10:30:17.863Z,310850,shiza.saleem@ku.ac.ae,945108170,included,-1
2023-03-14T10:30:53.316Z,310850,shiza.saleem@ku.ac.ae,945108170,"""__EXR__no separate emotion categories""",1
2023-03-14T10:30:53.347Z,310850,shiza.saleem@ku.ac.ae,945108170,included,-1
2023-03-14T11:41:07.334Z,307173,ghada.alhussein@ku.ac.ae,945108156,included,0
2023-03-14T11:41:17.428Z,307173,ghada.alhussein@ku.ac.ae,945108156,"""__EXR__only syst review  no sampe number""",1
2023-03-14T11:41:17.475Z,307173,ghada.alhussein@ku.ac.ae,945108156,included,-1
2023-03-14T11:41:23.663Z,307173,ghada.alhussein@ku.ac.ae,945108156,included,0
2023-03-14T11:41:31.913Z,307173,ghada.alhussein@ku.ac.ae,945108156,"""__EXR__no clear emotion categories""",1
2023-03-14T11:41:32.006Z,307173,ghada.alhussein@ku.ac.ae,945108156,included,-1
2023-03-14T11:41:36.366Z,307173,ghada.alhussein@ku.ac.ae,945108156,included,0
2023-03-14T11:42:12.741Z,307173,ghada.alhussein@ku.ac.ae,945108142,included,-1
2023-03-14T11:43:16.351Z,307173,ghada.alhussein@ku.ac.ae,945108142,included,-1
2023-03-14T11:43:22.758Z,307173,ghada.alhussein@ku.ac.ae,945108142,"""__EXR__text conversation""",1
2023-03-14T11:43:22.836Z,307173,ghada.alhussein@ku.ac.ae,945108142,included,-1
2023-03-14T13:02:09.923Z,307173,ghada.alhussein@ku.ac.ae,945108995,included,-1
2023-03-14T13:02:26.079Z,307173,ghada.alhussein@ku.ac.ae,945108995,"""__EXR__no emotions mentioned""",1
2023-03-14T13:02:26.157Z,307173,ghada.alhussein@ku.ac.ae,945108995,included,-1
2023-03-14T14:01:56.762Z,307173,ghada.alhussein@ku.ac.ae,945108041,included,0
2023-03-14T14:02:06.715Z,307173,ghada.alhussein@ku.ac.ae,945108041,"""__EXR__no sample size""",1
2023-03-14T14:02:06.762Z,307173,ghada.alhussein@ku.ac.ae,945108041,included,-1
2023-03-14T14:02:08.668Z,307173,ghada.alhussein@ku.ac.ae,945108041,included,0
2023-03-14T14:06:55.374Z,307173,ghada.alhussein@ku.ac.ae,945108975,included,0
2023-03-14T14:07:03.171Z,307173,ghada.alhussein@ku.ac.ae,945108975,"""__EXR__text conversation""",1
2023-03-14T14:07:03.203Z,307173,ghada.alhussein@ku.ac.ae,945108975,included,-1
2023-03-14T14:08:27.657Z,307173,ghada.alhussein@ku.ac.ae,945108352,included,-1
2023-03-14T14:08:40.407Z,307173,ghada.alhussein@ku.ac.ae,945108352,"""__EXR__text (context)""",1
2023-03-14T14:08:40.438Z,307173,ghada.alhussein@ku.ac.ae,945108352,included,-1
2023-03-14T14:08:50.173Z,307173,ghada.alhussein@ku.ac.ae,945108963,included,-1
2023-03-14T14:08:57.345Z,307173,ghada.alhussein@ku.ac.ae,945108963,"""__EXR__text (context)""",1
2023-03-14T14:08:57.376Z,307173,ghada.alhussein@ku.ac.ae,945108963,included,-1
2023-03-14T14:09:16.017Z,307173,ghada.alhussein@ku.ac.ae,945108134,"""__EXR__text (context)""",1
2023-03-14T14:09:16.095Z,307173,ghada.alhussein@ku.ac.ae,945108134,included,-1
2023-03-14T14:09:23.860Z,307173,ghada.alhussein@ku.ac.ae,945108164,included,-1
2023-03-14T14:09:32.204Z,307173,ghada.alhussein@ku.ac.ae,945108164,"""__EXR__text (context)""",1
2023-03-14T14:09:32.236Z,307173,ghada.alhussein@ku.ac.ae,945108164,included,-1
2023-03-14T14:11:03.877Z,307173,ghada.alhussein@ku.ac.ae,945108014,included,-1
2023-03-14T14:11:06.721Z,307173,ghada.alhussein@ku.ac.ae,945108014,"""__EXR__duplicate""",1
2023-03-14T14:11:06.799Z,307173,ghada.alhussein@ku.ac.ae,945108014,included,-1
2023-03-14T14:11:47.393Z,307173,ghada.alhussein@ku.ac.ae,945108962,included,-1
2023-03-14T14:11:56.378Z,307173,ghada.alhussein@ku.ac.ae,945108962,"""__EXR__text (context)""",1
2023-03-14T14:11:57.128Z,307173,ghada.alhussein@ku.ac.ae,945108962,included,-1
2023-03-14T14:13:32.598Z,307173,ghada.alhussein@ku.ac.ae,945108341,included,-1
2023-03-14T14:13:40.848Z,307173,ghada.alhussein@ku.ac.ae,945108341,"""__EXR__duplicate""",1
2023-03-14T14:13:40.879Z,307173,ghada.alhussein@ku.ac.ae,945108341,included,-1
2023-03-15T03:59:00.194Z,307173,ghada.alhussein@ku.ac.ae,945108968,included,-1
2023-03-15T03:59:11.991Z,307173,ghada.alhussein@ku.ac.ae,945108968,"""__EXR__text (context)""",1
2023-03-15T03:59:12.023Z,307173,ghada.alhussein@ku.ac.ae,945108968,included,-1
2023-03-15T04:14:35.080Z,307173,ghada.alhussein@ku.ac.ae,945108358,included,-1
2023-03-15T04:14:49.221Z,307173,ghada.alhussein@ku.ac.ae,945108358,included,-1
2023-03-15T04:15:12.944Z,307173,ghada.alhussein@ku.ac.ae,945108358,"""__EXR__no distinct emotion""",1
2023-03-15T04:15:12.971Z,307173,ghada.alhussein@ku.ac.ae,945108358,included,-1
2023-03-15T04:22:27.211Z,307173,ghada.alhussein@ku.ac.ae,945108011,included,-1
2023-03-15T04:22:35.274Z,307173,ghada.alhussein@ku.ac.ae,945108011,"""__EXR__text (context)""",1
2023-03-15T04:22:35.352Z,307173,ghada.alhussein@ku.ac.ae,945108011,included,-1
2023-03-15T04:29:53.591Z,307173,ghada.alhussein@ku.ac.ae,945108321,included,0
2023-03-15T04:30:00.716Z,307173,ghada.alhussein@ku.ac.ae,945108321,"""__EXR__no distinct emotion""",1
2023-03-15T04:30:00.747Z,307173,ghada.alhussein@ku.ac.ae,945108321,included,-1
2023-03-15T04:30:02.997Z,307173,ghada.alhussein@ku.ac.ae,945108321,included,0
2023-03-15T04:35:30.954Z,307173,ghada.alhussein@ku.ac.ae,945108348,included,0
2023-03-15T04:35:34.767Z,307173,ghada.alhussein@ku.ac.ae,945108348,"""__EXR__Full paper\\ not avaliable""",1
2023-03-15T04:35:34.814Z,307173,ghada.alhussein@ku.ac.ae,945108348,included,-1
2023-03-15T04:35:36.580Z,307173,ghada.alhussein@ku.ac.ae,945108348,included,0
2023-03-15T04:47:33.213Z,307173,ghada.alhussein@ku.ac.ae,945108322,included,-1
2023-03-15T04:47:41.854Z,307173,ghada.alhussein@ku.ac.ae,945108322,"""__EXR__text (context)""",1
2023-03-15T04:47:41.885Z,307173,ghada.alhussein@ku.ac.ae,945108322,included,-1
2023-03-15T09:48:15.612Z,310850,shiza.saleem@ku.ac.ae,945109009,included,-1
2023-03-15T09:48:20.784Z,310850,shiza.saleem@ku.ac.ae,945109009,"""__EXR__no clear emotion categories""",1
2023-03-15T09:48:20.815Z,310850,shiza.saleem@ku.ac.ae,945109009,included,-1
2023-03-15T11:15:44.392Z,310850,shiza.saleem@ku.ac.ae,945108331,included,-1
2023-03-15T11:15:54.470Z,310850,shiza.saleem@ku.ac.ae,945108331,"""__EXR__Full paper not avaliable""",1
2023-03-15T11:15:54.501Z,310850,shiza.saleem@ku.ac.ae,945108331,included,-1
2023-03-15T11:54:41.888Z,310850,shiza.saleem@ku.ac.ae,945108024,included,-1
2023-03-15T11:54:48.154Z,310850,shiza.saleem@ku.ac.ae,945108024,"""__EXR__Full paper not avaliable""",1
2023-03-15T11:54:48.185Z,310850,shiza.saleem@ku.ac.ae,945108024,included,-1
2023-03-15T11:57:04.171Z,310850,shiza.saleem@ku.ac.ae,945108331,included,1
2023-03-15T12:06:41.412Z,310850,shiza.saleem@ku.ac.ae,945108331,included,-1
2023-03-15T12:08:42.179Z,310850,shiza.saleem@ku.ac.ae,945108331,"""__EXR__Context/personality included""",1
2023-03-15T12:08:42.226Z,310850,shiza.saleem@ku.ac.ae,945108331,included,-1
2023-03-15T12:20:44.485Z,310850,shiza.saleem@ku.ac.ae,945109385,included,-1
2023-03-15T12:20:55.610Z,310850,shiza.saleem@ku.ac.ae,945109385,"""__EXR__Not using ML/deep learning""",1
2023-03-15T12:20:55.735Z,310850,shiza.saleem@ku.ac.ae,945109385,included,-1
2023-03-15T12:32:38.571Z,310850,shiza.saleem@ku.ac.ae,945108006,included,-1
2023-03-15T12:32:43.680Z,310850,shiza.saleem@ku.ac.ae,945108006,"""__EXR__Full paper not avaliable""",1
2023-03-15T12:32:43.759Z,310850,shiza.saleem@ku.ac.ae,945108006,included,-1
2023-03-15T12:38:29.825Z,310850,shiza.saleem@ku.ac.ae,945108359,included,-1
2023-03-15T12:38:37.950Z,310850,shiza.saleem@ku.ac.ae,945108359,"""__EXR__no clear emotion categories""",1
2023-03-15T12:38:37.997Z,310850,shiza.saleem@ku.ac.ae,945108359,included,-1
2023-03-16T06:12:23.669Z,310850,shiza.saleem@ku.ac.ae,945108339,included,-1
2023-03-16T06:12:27.044Z,310850,shiza.saleem@ku.ac.ae,945108339,"""__EXR__Full paper not avaliable""",1
2023-03-16T06:12:27.075Z,310850,shiza.saleem@ku.ac.ae,945108339,included,-1
2023-03-16T09:11:37.343Z,310850,shiza.saleem@ku.ac.ae,945109368,included,-1
2023-03-16T09:11:40.906Z,310850,shiza.saleem@ku.ac.ae,945109368,"""__EXR__Full paper not avaliable""",1
2023-03-16T09:11:40.953Z,310850,shiza.saleem@ku.ac.ae,945109368,included,-1
2023-03-16T09:32:50.326Z,310850,shiza.saleem@ku.ac.ae,945107998,included,-1
2023-03-16T09:32:57.857Z,310850,shiza.saleem@ku.ac.ae,945107998,"""__EXR__Includes textual modalities""",1
2023-03-16T09:32:57.904Z,310850,shiza.saleem@ku.ac.ae,945107998,included,-1
2023-03-16T09:38:14.441Z,310850,shiza.saleem@ku.ac.ae,945108340,included,-1
2023-03-16T09:38:19.284Z,310850,shiza.saleem@ku.ac.ae,945108340,"""__EXR__Includes textual modalities""",1
2023-03-16T09:38:19.331Z,310850,shiza.saleem@ku.ac.ae,945108340,included,-1
2023-03-16T09:50:00.072Z,310850,shiza.saleem@ku.ac.ae,945108329,included,-1
2023-03-16T09:50:10.400Z,310850,shiza.saleem@ku.ac.ae,945108329,"""__EXR__Valance/arousal data""",1
2023-03-16T09:50:10.447Z,310850,shiza.saleem@ku.ac.ae,945108329,included,-1
2023-03-16T09:55:53.125Z,310850,shiza.saleem@ku.ac.ae,945109027,included,-1
2023-03-16T09:55:55.078Z,310850,shiza.saleem@ku.ac.ae,945109027,"""__EXR__Full paper not avaliable""",1
2023-03-16T09:55:55.125Z,310850,shiza.saleem@ku.ac.ae,945109027,included,-1
2023-03-16T09:58:11.877Z,310850,shiza.saleem@ku.ac.ae,945108333,included,-1
2023-03-16T09:58:19.393Z,310850,shiza.saleem@ku.ac.ae,945108333,"""__EXR__no clear emotion categories""",1
2023-03-16T09:58:19.409Z,310850,shiza.saleem@ku.ac.ae,945108333,included,-1
2023-03-16T10:00:51.269Z,310850,shiza.saleem@ku.ac.ae,945109374,included,-1
2023-03-16T10:01:00.613Z,310850,shiza.saleem@ku.ac.ae,945109374,"""__EXR__no clear emotion categories""",1
2023-03-16T10:01:00.707Z,310850,shiza.saleem@ku.ac.ae,945109374,included,-1
2023-03-16T10:02:58.411Z,310850,shiza.saleem@ku.ac.ae,945108296,included,-1
2023-03-16T10:03:01.114Z,310850,shiza.saleem@ku.ac.ae,945108296,included,-1
2023-03-16T10:03:05.474Z,310850,shiza.saleem@ku.ac.ae,945108296,"""__EXR__no clear emotion categories""",1
2023-03-16T10:03:05.630Z,310850,shiza.saleem@ku.ac.ae,945108296,included,-1
2023-03-16T10:10:46.275Z,310850,shiza.saleem@ku.ac.ae,945109019,included,-1
2023-03-16T10:10:50.681Z,310850,shiza.saleem@ku.ac.ae,945109019,"""__EXR__Includes textual modalities""",1
2023-03-16T10:10:50.713Z,310850,shiza.saleem@ku.ac.ae,945109019,included,-1
2023-03-16T10:14:48.436Z,310850,shiza.saleem@ku.ac.ae,945108336,included,-1
2023-03-16T10:14:50.873Z,310850,shiza.saleem@ku.ac.ae,945108336,"""__EXR__Full paper not avaliable""",1
2023-03-16T10:14:50.952Z,310850,shiza.saleem@ku.ac.ae,945108336,included,-1
2023-03-16T10:17:03.437Z,310850,shiza.saleem@ku.ac.ae,945108167,included,-1
2023-03-16T10:17:06.328Z,310850,shiza.saleem@ku.ac.ae,945108167,"""__EXR__Full paper not avaliable""",1
2023-03-16T10:17:06.359Z,310850,shiza.saleem@ku.ac.ae,945108167,included,-1
2023-03-18T20:27:16.432Z,307269,ioannis.ziogas@ku.ac.ae,945108968,"""__EXR__audio+text""",1
2023-03-18T20:27:16.697Z,307269,ioannis.ziogas@ku.ac.ae,945108968,included,-1
2023-03-18T20:27:18.494Z,307269,ioannis.ziogas@ku.ac.ae,945108968,included,1
2023-03-18T20:27:32.401Z,307269,ioannis.ziogas@ku.ac.ae,945108011,included,1
2023-03-18T20:27:40.729Z,307269,ioannis.ziogas@ku.ac.ae,945108011,"""__EXR__text,audio,video""",1
2023-03-18T20:27:40.760Z,307269,ioannis.ziogas@ku.ac.ae,945108011,included,-1
2023-03-18T20:27:42.244Z,307269,ioannis.ziogas@ku.ac.ae,945108011,included,1
2023-03-18T20:28:18.682Z,307269,ioannis.ziogas@ku.ac.ae,945108148,included,1
2023-03-18T20:28:28.370Z,307269,ioannis.ziogas@ku.ac.ae,945108040,included,1
2023-03-18T20:28:45.167Z,307269,ioannis.ziogas@ku.ac.ae,945108346,included,1
2023-03-18T20:28:58.261Z,307269,ioannis.ziogas@ku.ac.ae,945108996,included,1
2023-03-18T20:29:54.090Z,307269,ioannis.ziogas@ku.ac.ae,945108985,included,1
2023-03-18T20:29:59.496Z,307269,ioannis.ziogas@ku.ac.ae,945108977,included,1
2023-03-18T20:30:08.824Z,307269,ioannis.ziogas@ku.ac.ae,945108139,included,1
2023-03-18T20:30:21.528Z,307269,ioannis.ziogas@ku.ac.ae,945108165,included,1
2023-03-18T20:30:31.231Z,307269,ioannis.ziogas@ku.ac.ae,945108349,included,1
2023-03-18T20:30:46.840Z,307269,ioannis.ziogas@ku.ac.ae,945108131,included,1
2023-03-18T20:30:58.309Z,307269,ioannis.ziogas@ku.ac.ae,945108349,included,-1
2023-03-18T20:31:22.669Z,307269,ioannis.ziogas@ku.ac.ae,945108344,included,1
2023-03-18T20:31:34.372Z,307269,ioannis.ziogas@ku.ac.ae,945108175,included,-1
2023-03-18T20:31:44.216Z,307269,ioannis.ziogas@ku.ac.ae,945108292,included,1
2023-03-18T20:31:55.123Z,307269,ioannis.ziogas@ku.ac.ae,945108356,included,-1
2023-03-18T20:32:10.966Z,307269,ioannis.ziogas@ku.ac.ae,945108356,"""__EXR__not available""",1
2023-03-18T20:32:10.998Z,307269,ioannis.ziogas@ku.ac.ae,945108356,included,-1
2023-03-18T20:32:36.936Z,307269,ioannis.ziogas@ku.ac.ae,945108356,included,1
2023-03-18T20:32:52.733Z,307269,ioannis.ziogas@ku.ac.ae,945108010,included,-1
2023-03-18T20:32:59.998Z,307269,ioannis.ziogas@ku.ac.ae,945108010,"""__EXR__not available""",1
2023-03-18T20:33:00.061Z,307269,ioannis.ziogas@ku.ac.ae,945108010,included,-1
2023-03-18T20:33:54.030Z,307269,ioannis.ziogas@ku.ac.ae,945108356,"""available""",1
2023-03-18T20:34:54.047Z,307269,ioannis.ziogas@ku.ac.ae,945108150,included,-1
2023-03-18T20:35:00.156Z,307269,ioannis.ziogas@ku.ac.ae,945109343,included,-1
2023-03-18T20:35:20.375Z,307269,ioannis.ziogas@ku.ac.ae,945108162,included,-1
2023-03-18T20:35:59.735Z,307269,ioannis.ziogas@ku.ac.ae,945108971,included,-1
2023-03-18T20:37:10.736Z,307269,ioannis.ziogas@ku.ac.ae,945108971,"""__EXR__not available""",1
2023-03-18T20:37:10.767Z,307269,ioannis.ziogas@ku.ac.ae,945108971,included,-1
2023-03-18T20:37:39.955Z,307269,ioannis.ziogas@ku.ac.ae,945108162,"""__EXR__text (context)""",1
2023-03-18T20:37:39.986Z,307269,ioannis.ziogas@ku.ac.ae,945108162,included,-1
2023-03-18T20:42:03.348Z,307269,ioannis.ziogas@ku.ac.ae,945109343,"""__EXR__no conversation""",1
2023-03-18T20:42:03.395Z,307269,ioannis.ziogas@ku.ac.ae,945109343,included,-1
2023-03-18T20:42:22.114Z,307269,ioannis.ziogas@ku.ac.ae,945109343,"""__EXR__only one person recorded during conversation""",1
2023-03-18T20:42:22.146Z,307269,ioannis.ziogas@ku.ac.ae,945109343,included,-1
2023-03-18T20:42:50.474Z,307269,ioannis.ziogas@ku.ac.ae,945108150,"""__EXR__audio+text""",1
2023-03-18T20:42:50.552Z,307269,ioannis.ziogas@ku.ac.ae,945108150,included,-1
2023-03-18T20:43:06.302Z,307269,ioannis.ziogas@ku.ac.ae,945108150,"""__EXR__text only""",1
2023-03-18T20:43:06.349Z,307269,ioannis.ziogas@ku.ac.ae,945108150,included,-1
2023-03-18T20:44:52.304Z,307269,ioannis.ziogas@ku.ac.ae,945108358,included,-1
2023-03-18T20:45:39.539Z,307269,ioannis.ziogas@ku.ac.ae,945108966,"""__EXR__text only""",1
2023-03-18T20:45:39.572Z,307269,ioannis.ziogas@ku.ac.ae,945108966,included,-1
2023-03-18T20:45:40.945Z,307269,ioannis.ziogas@ku.ac.ae,945108966,included,-1
2023-03-18T20:45:54.273Z,307269,ioannis.ziogas@ku.ac.ae,945108039,included,-1
2023-03-18T20:45:59.258Z,307269,ioannis.ziogas@ku.ac.ae,945108039,"""__EXR__text only""",1
2023-03-18T20:45:59.273Z,307269,ioannis.ziogas@ku.ac.ae,945108039,included,-1
2023-03-18T20:46:10.883Z,307269,ioannis.ziogas@ku.ac.ae,945108351,included,-1
2023-03-18T20:46:15.273Z,307269,ioannis.ziogas@ku.ac.ae,945108351,"""__EXR__text only""",1
2023-03-18T20:46:15.305Z,307269,ioannis.ziogas@ku.ac.ae,945108351,included,-1
2023-03-18T20:47:09.336Z,307269,ioannis.ziogas@ku.ac.ae,945108175,"""__EXR__text only""",1
2023-03-18T20:47:09.368Z,307269,ioannis.ziogas@ku.ac.ae,945108175,included,-1
2023-03-18T20:49:23.104Z,307269,ioannis.ziogas@ku.ac.ae,945108135,included,-1
2023-03-18T20:49:28.932Z,307269,ioannis.ziogas@ku.ac.ae,945108156,included,-1
2023-03-18T20:49:32.713Z,307269,ioannis.ziogas@ku.ac.ae,945108041,included,-1
2023-03-18T20:49:35.666Z,307269,ioannis.ziogas@ku.ac.ae,945108321,included,-1
2023-03-18T20:50:06.901Z,307269,ioannis.ziogas@ku.ac.ae,945108348,included,-1
2023-03-20T06:07:37.292Z,310850,shiza.saleem@ku.ac.ae,945108045,included,-1
2023-03-20T06:07:55.668Z,310850,shiza.saleem@ku.ac.ae,945108045,"""__EXR__no emotion recognition""",1
2023-03-20T06:07:55.746Z,310850,shiza.saleem@ku.ac.ae,945108045,included,-1
2023-03-20T07:41:51.171Z,307173,ghada.alhussein@ku.ac.ae,945108011,included,1
2023-03-20T07:43:31.860Z,307173,ghada.alhussein@ku.ac.ae,945108968,included,1
2023-03-30T10:26:42.911Z,310850,shiza.saleem@ku.ac.ae,945107989,included,1
2023-03-30T10:26:42.989Z,310850,shiza.saleem@ku.ac.ae,945107995,included,1
2023-03-30T10:26:43.036Z,310850,shiza.saleem@ku.ac.ae,945107996,included,1
2023-03-31T06:02:17.099Z,310850,shiza.saleem@ku.ac.ae,945107995,included,-1
2023-03-31T06:57:23.731Z,310850,shiza.saleem@ku.ac.ae,945107989,included,-1
2023-03-31T07:25:39.673Z,307173,ghada.alhussein@ku.ac.ae,969393606,included,1
2023-03-31T07:25:50.329Z,307173,ghada.alhussein@ku.ac.ae,969393606,included,1
2023-03-31T07:25:52.861Z,307173,ghada.alhussein@ku.ac.ae,969393606,included,1
2023-03-31T07:25:55.830Z,307173,ghada.alhussein@ku.ac.ae,969393606,included,1
2023-03-31T07:26:23.267Z,307173,ghada.alhussein@ku.ac.ae,969393658,included,1
2023-03-31T07:26:33.361Z,307173,ghada.alhussein@ku.ac.ae,969393692,included,1
2023-03-31T07:39:44.572Z,307173,ghada.alhussein@ku.ac.ae,969398455,included,1
2023-03-31T07:56:58.881Z,307173,ghada.alhussein@ku.ac.ae,969404648,included,1
2023-03-31T08:09:31.516Z,307173,ghada.alhussein@ku.ac.ae,969424143,included,1
2023-03-31T11:25:05.217Z,310850,shiza.saleem@ku.ac.ae,945108159,included,-1
2023-03-31T11:25:10.998Z,310850,shiza.saleem@ku.ac.ae,945108159,"""__EXR__Context/personality included""",1
2023-03-31T11:25:11.030Z,310850,shiza.saleem@ku.ac.ae,945108159,included,-1
2023-03-31T11:44:23.199Z,310850,shiza.saleem@ku.ac.ae,969399339,included,1
2023-04-02T20:35:53.530Z,307269,ioannis.ziogas@ku.ac.ae,945108968,included,-1
2023-04-02T20:36:07.202Z,307269,ioannis.ziogas@ku.ac.ae,945108011,included,-1
2023-04-02T20:36:23.546Z,307269,ioannis.ziogas@ku.ac.ae,945108148,included,-1
2023-04-02T20:36:29.015Z,307269,ioannis.ziogas@ku.ac.ae,945108148,"""__EXR__text (context)""",1
2023-04-02T20:36:29.108Z,307269,ioannis.ziogas@ku.ac.ae,945108148,included,-1
2023-04-02T20:36:55.780Z,307269,ioannis.ziogas@ku.ac.ae,945108040,included,-1
2023-04-02T20:37:03.624Z,307269,ioannis.ziogas@ku.ac.ae,945108040,"""__EXR__text (context)""",1
2023-04-02T20:37:03.656Z,307269,ioannis.ziogas@ku.ac.ae,945108040,included,-1
2023-04-02T20:37:43.547Z,307269,ioannis.ziogas@ku.ac.ae,945108985,included,-1
2023-04-02T20:38:30.813Z,307269,ioannis.ziogas@ku.ac.ae,945108985,"""__EXR__no clear emotion categories""",1
2023-04-02T20:38:30.844Z,307269,ioannis.ziogas@ku.ac.ae,945108985,included,-1
2023-04-02T20:39:31.126Z,307269,ioannis.ziogas@ku.ac.ae,945108165,"""__EXR__emotion categories grouping to pos/neg not possible""",1
2023-04-02T20:39:31.173Z,307269,ioannis.ziogas@ku.ac.ae,945108165,included,-1
2023-04-02T20:40:18.127Z,307269,ioannis.ziogas@ku.ac.ae,945108131,"""__EXR__text (context)""",1
2023-04-02T20:40:18.158Z,307269,ioannis.ziogas@ku.ac.ae,945108131,included,-1
2023-04-02T20:40:19.580Z,307269,ioannis.ziogas@ku.ac.ae,945108131,included,-1
2023-04-02T20:40:32.674Z,307269,ioannis.ziogas@ku.ac.ae,945108292,included,-1
2023-04-02T20:40:36.455Z,307269,ioannis.ziogas@ku.ac.ae,945108292,"""__EXR__text (context)""",1
2023-04-02T20:40:36.486Z,307269,ioannis.ziogas@ku.ac.ae,945108292,included,-1
2023-04-03T05:27:07.732Z,310850,shiza.saleem@ku.ac.ae,969399249,included,1
2023-04-03T05:44:37.197Z,310850,shiza.saleem@ku.ac.ae,969399312,included,1
2023-04-03T05:53:06.281Z,307269,ioannis.ziogas@ku.ac.ae,945108333,included,-1
2023-04-03T05:53:10.031Z,307269,ioannis.ziogas@ku.ac.ae,945108336,included,-1
2023-04-03T05:53:11.485Z,307269,ioannis.ziogas@ku.ac.ae,945108339,included,-1
2023-04-03T05:53:15.563Z,307269,ioannis.ziogas@ku.ac.ae,945108340,included,-1
2023-04-03T05:53:20.110Z,307269,ioannis.ziogas@ku.ac.ae,945108359,included,-1
2023-04-03T05:53:32.094Z,307269,ioannis.ziogas@ku.ac.ae,945108999,included,-1
2023-04-03T05:53:34.000Z,307269,ioannis.ziogas@ku.ac.ae,945109009,included,-1
2023-04-03T05:53:36.407Z,307269,ioannis.ziogas@ku.ac.ae,945109019,included,-1
2023-04-03T05:53:38.860Z,307269,ioannis.ziogas@ku.ac.ae,945109027,included,-1
2023-04-03T05:53:41.547Z,307269,ioannis.ziogas@ku.ac.ae,945109029,included,-1
2023-04-03T05:53:45.094Z,307269,ioannis.ziogas@ku.ac.ae,945109344,included,-1
2023-04-03T05:53:53.641Z,307269,ioannis.ziogas@ku.ac.ae,945108981,included,-1
2023-04-03T05:54:02.751Z,307269,ioannis.ziogas@ku.ac.ae,945109368,included,-1
2023-04-03T05:54:04.610Z,307269,ioannis.ziogas@ku.ac.ae,945109374,included,-1
2023-04-03T05:54:06.360Z,307269,ioannis.ziogas@ku.ac.ae,945109385,included,-1
2023-04-03T05:54:16.517Z,307269,ioannis.ziogas@ku.ac.ae,945108329,included,-1
2023-04-03T05:54:21.267Z,307269,ioannis.ziogas@ku.ac.ae,945108331,included,-1
2023-04-03T05:55:01.392Z,307269,ioannis.ziogas@ku.ac.ae,945108296,included,-1
2023-04-03T05:55:12.752Z,307269,ioannis.ziogas@ku.ac.ae,945109372,included,-1
2023-04-03T05:55:21.049Z,307269,ioannis.ziogas@ku.ac.ae,945109349,included,-1
2023-04-03T05:55:23.220Z,307269,ioannis.ziogas@ku.ac.ae,945108998,included,-1
2023-04-03T05:55:32.033Z,307269,ioannis.ziogas@ku.ac.ae,945108995,included,-1
2023-04-03T05:55:34.314Z,307269,ioannis.ziogas@ku.ac.ae,945108975,included,-1
2023-04-03T05:55:42.314Z,307269,ioannis.ziogas@ku.ac.ae,945108963,included,-1
2023-04-03T05:55:43.408Z,307269,ioannis.ziogas@ku.ac.ae,945108962,included,-1
2023-04-03T05:55:45.174Z,307269,ioannis.ziogas@ku.ac.ae,945108352,included,-1
2023-04-03T05:55:55.721Z,307269,ioannis.ziogas@ku.ac.ae,945108352,included,1
2023-04-03T05:55:59.190Z,307269,ioannis.ziogas@ku.ac.ae,945108962,included,1
2023-04-03T05:56:01.315Z,307269,ioannis.ziogas@ku.ac.ae,945108963,included,1
2023-04-03T05:56:08.330Z,307269,ioannis.ziogas@ku.ac.ae,945108975,included,1
2023-04-03T05:56:11.627Z,307269,ioannis.ziogas@ku.ac.ae,945108995,included,1
2023-04-03T05:56:16.315Z,307269,ioannis.ziogas@ku.ac.ae,945108998,included,1
2023-04-03T05:56:18.143Z,307269,ioannis.ziogas@ku.ac.ae,945109349,included,1
2023-04-03T05:56:23.549Z,307269,ioannis.ziogas@ku.ac.ae,945109372,included,1
2023-04-03T15:43:10.260Z,307173,ghada.alhussein@ku.ac.ae,945108169,included,-1
2023-04-03T15:43:17.572Z,307173,ghada.alhussein@ku.ac.ae,945108169,"""__EXR__text (context)""",1
2023-04-03T15:43:17.603Z,307173,ghada.alhussein@ku.ac.ae,945108169,included,-1
2023-04-03T15:43:50.197Z,307173,ghada.alhussein@ku.ac.ae,945108988,included,-1
2023-04-03T15:44:14.182Z,307173,ghada.alhussein@ku.ac.ae,945108988,"""__EXR__text (context)""",1
2023-04-03T15:44:14.213Z,307173,ghada.alhussein@ku.ac.ae,945108988,included,-1
2023-04-03T15:44:22.370Z,307173,ghada.alhussein@ku.ac.ae,945109001,included,-1
2023-04-03T15:44:31.682Z,307173,ghada.alhussein@ku.ac.ae,945109001,"""__EXR__Context/personality included""",1
2023-04-03T15:44:31.760Z,307173,ghada.alhussein@ku.ac.ae,945109001,included,-1
2023-04-03T15:44:51.511Z,307173,ghada.alhussein@ku.ac.ae,945108177,included,-1
2023-04-03T15:44:55.042Z,307173,ghada.alhussein@ku.ac.ae,945108177,"""__EXR__Context/personality included""",1
2023-04-03T15:44:55.073Z,307173,ghada.alhussein@ku.ac.ae,945108177,included,-1
2023-04-03T15:45:15.058Z,307173,ghada.alhussein@ku.ac.ae,945108980,"""__EXR__text (context)""",1
2023-04-03T15:45:15.089Z,307173,ghada.alhussein@ku.ac.ae,945108980,included,-1
2023-04-03T15:45:30.433Z,307173,ghada.alhussein@ku.ac.ae,945108034,included,-1
2023-04-03T15:45:39.964Z,307173,ghada.alhussein@ku.ac.ae,945108034,"""__EXR__text (context)""",1
2023-04-03T15:45:39.996Z,307173,ghada.alhussein@ku.ac.ae,945108034,included,-1
2023-04-03T15:46:10.137Z,307173,ghada.alhussein@ku.ac.ae,945108132,included,-1
2023-04-03T15:46:23.668Z,307173,ghada.alhussein@ku.ac.ae,945108132,"""__EXR__Context/personality included""",1
2023-04-03T15:46:23.777Z,307173,ghada.alhussein@ku.ac.ae,945108132,included,-1
2023-06-07T05:39:17.549Z,307269,ioannis.ziogas@ku.ac.ae,945108156,"""__EXR__text (context)""",1
2023-06-07T05:39:17.752Z,307269,ioannis.ziogas@ku.ac.ae,945108156,included,-1
2023-06-07T06:49:42.908Z,307269,ioannis.ziogas@ku.ac.ae,945108985,"""include""",1
2023-06-07T06:49:56.642Z,307269,ioannis.ziogas@ku.ac.ae,945108985,"""include_jun23""",1
2023-06-07T06:50:17.345Z,307269,ioannis.ziogas@ku.ac.ae,945109009,"""include_jun23""",1
2023-06-07T17:01:58.239Z,307269,ioannis.ziogas@ku.ac.ae,945108296,"""include_jun23""",1
2023-06-07T17:20:39.805Z,307269,ioannis.ziogas@ku.ac.ae,945108325,"""include_jun23""",1
2023-06-08T03:55:34.719Z,307173,ghada.alhussein@ku.ac.ae,945108358,included,1
2023-06-08T03:55:52.062Z,307173,ghada.alhussein@ku.ac.ae,945108358,"""include_jun23""",1
2023-06-08T03:56:19.969Z,307173,ghada.alhussein@ku.ac.ae,945108359,"""include_jun23""",1
2023-06-08T03:56:57.516Z,307173,ghada.alhussein@ku.ac.ae,945108981,"""include_jun23""",1
2023-06-08T03:57:15.141Z,307173,ghada.alhussein@ku.ac.ae,945108999,"""include_jun23""",1
2023-06-08T03:57:39.016Z,307173,ghada.alhussein@ku.ac.ae,945109029,"""include_jun23""",1
2023-06-08T03:57:58.704Z,307173,ghada.alhussein@ku.ac.ae,945109374,"""include_jun23""",1
2023-06-08T06:12:06.763Z,307173,ghada.alhussein@ku.ac.ae,945108296,included,-1
2023-06-08T06:12:12.294Z,307173,ghada.alhussein@ku.ac.ae,945108296,"""__EXR__Context/personality included""",1
2023-06-08T06:12:12.325Z,307173,ghada.alhussein@ku.ac.ae,945108296,included,-1
2023-06-08T06:12:25.935Z,307173,ghada.alhussein@ku.ac.ae,945108296,"""include_jun23""",deleted
2023-06-08T09:54:28.606Z,307269,ioannis.ziogas@ku.ac.ae,945109374,"""include_jun23""",deleted
2023-06-08T09:54:32.825Z,307269,ioannis.ziogas@ku.ac.ae,945108985,"""include""",deleted
2023-06-08T10:43:47.069Z,307269,ioannis.ziogas@ku.ac.ae,945108296,"""include_jun23""",1
2023-06-08T10:44:07.460Z,307269,ioannis.ziogas@ku.ac.ae,945108156,"""exclude_jun23""",1
2023-06-08T10:44:14.366Z,307269,ioannis.ziogas@ku.ac.ae,945109374,"""exclude_jun23""",1
2023-06-08T12:58:26.035Z,307269,ioannis.ziogas@ku.ac.ae,945108333,"""include_jun23""",1
2023-06-08T13:32:43.729Z,307269,ioannis.ziogas@ku.ac.ae,945108999,"""include_jun23""",deleted
2023-06-08T13:32:45.464Z,307269,ioannis.ziogas@ku.ac.ae,945108999,"""exclude_jun23""",1
2023-06-08T13:34:09.620Z,307269,ioannis.ziogas@ku.ac.ae,945108999,"""__EXR__text only""",1
2023-06-08T13:34:09.651Z,307269,ioannis.ziogas@ku.ac.ae,945108999,included,-1
2023-06-08T13:34:21.620Z,307269,ioannis.ziogas@ku.ac.ae,945108999,"""__EXR__seperate metric for each emotion not avaliable""",deleted
2023-06-08T13:55:12.953Z,307269,ioannis.ziogas@ku.ac.ae,945108029,"""include_jun23""",1
2023-06-08T14:16:39.660Z,307269,ioannis.ziogas@ku.ac.ae,945108012,included,-1
2023-06-08T14:16:43.535Z,307269,ioannis.ziogas@ku.ac.ae,945108012,"""__EXR__text only""",1
2023-06-08T14:16:43.567Z,307269,ioannis.ziogas@ku.ac.ae,945108012,included,-1
2023-06-08T14:17:55.239Z,307269,ioannis.ziogas@ku.ac.ae,945108012,"""exclude_jun23""",1
2023-06-08T14:35:34.102Z,307269,ioannis.ziogas@ku.ac.ae,945108015,"""include_jun23""",1
2023-06-10T11:58:10.166Z,307269,ioannis.ziogas@ku.ac.ae,945108015,"""__EXR__seperate metric for each emotion not avaliable""",deleted
2023-06-10T11:58:26.463Z,307269,ioannis.ziogas@ku.ac.ae,945108015,"""__EXR__seperate metric for each emotion not avaliable""",1
2023-06-10T11:58:26.510Z,307269,ioannis.ziogas@ku.ac.ae,945108015,included,-1
2023-06-10T11:58:32.182Z,307269,ioannis.ziogas@ku.ac.ae,945108015,included,1
2023-06-10T16:04:40.108Z,307269,ioannis.ziogas@ku.ac.ae,945108321,"""exclude_jun23""",1
2023-06-10T16:47:29.398Z,307269,ioannis.ziogas@ku.ac.ae,945108331,"""include_jun23""",1
2023-06-10T16:47:51.038Z,307269,ioannis.ziogas@ku.ac.ae,945108331,"""__EXR__Context/personality included""",deleted
2023-06-10T16:48:04.820Z,307269,ioannis.ziogas@ku.ac.ae,945108331,"""__EXR__Context/personality included""",1
2023-06-10T16:48:04.882Z,307269,ioannis.ziogas@ku.ac.ae,945108331,included,-1
2023-06-10T16:50:32.383Z,307269,ioannis.ziogas@ku.ac.ae,945109001,"""include_jun23""",1
2023-06-10T17:04:51.401Z,307269,ioannis.ziogas@ku.ac.ae,945108177,included,-1
2023-06-10T17:04:54.542Z,307269,ioannis.ziogas@ku.ac.ae,945108177,"""exclude_jun23""",1
2023-06-10T17:22:29.124Z,307269,ioannis.ziogas@ku.ac.ae,945108180,"""__EXR__duplicate""",deleted
2023-06-10T17:24:54.437Z,307269,ioannis.ziogas@ku.ac.ae,945108331,included,1
2023-06-10T17:24:57.624Z,307269,ioannis.ziogas@ku.ac.ae,945108296,included,1
2023-06-10T17:53:33.536Z,307269,ioannis.ziogas@ku.ac.ae,945108159,"""include_jun23""",1
2023-06-11T09:54:34.876Z,307269,ioannis.ziogas@ku.ac.ae,945108161,included,1
2023-06-11T09:54:40.157Z,307269,ioannis.ziogas@ku.ac.ae,945107996,included,-1
2023-06-11T09:54:45.939Z,307269,ioannis.ziogas@ku.ac.ae,945108161,"""include_jun23""",1
2023-06-11T10:00:58.721Z,307269,ioannis.ziogas@ku.ac.ae,945108132,included,-1
2023-06-11T10:01:00.581Z,307269,ioannis.ziogas@ku.ac.ae,945108132,"""exclude_jun23""",1
2023-06-11T10:01:59.175Z,307269,ioannis.ziogas@ku.ac.ae,945108296,"""__EXR__Context/personality included""",deleted
2023-06-11T10:06:00.878Z,307269,ioannis.ziogas@ku.ac.ae,945108180,included,-1
2023-06-11T10:06:02.957Z,307269,ioannis.ziogas@ku.ac.ae,945108180,"""exclude_jun23""",1
2023-06-11T10:21:06.835Z,307269,ioannis.ziogas@ku.ac.ae,945107998,"""exclude_jun23""",1
2023-06-11T10:21:08.225Z,307269,ioannis.ziogas@ku.ac.ae,945108340,"""exclude_jun23""",1
2023-06-11T10:21:11.241Z,307269,ioannis.ziogas@ku.ac.ae,945109019,"""exclude_jun23""",1
2023-06-11T10:55:45.248Z,307269,ioannis.ziogas@ku.ac.ae,945108135,"""include_jun23""",1
2023-06-11T10:55:47.076Z,307269,ioannis.ziogas@ku.ac.ae,945108135,included,1
2023-06-11T11:16:01.705Z,307269,ioannis.ziogas@ku.ac.ae,945109372,"""include_jun23""",1
2023-06-11T11:16:32.034Z,307269,ioannis.ziogas@ku.ac.ae,945108156,"""__EXR__only syst review  no sampe number""",deleted
2023-06-11T11:19:26.316Z,307269,ioannis.ziogas@ku.ac.ae,945108170,included,-1
2023-06-11T11:19:27.644Z,307269,ioannis.ziogas@ku.ac.ae,945108170,"""exclude_jun23""",1
2023-06-11T11:21:11.629Z,307269,ioannis.ziogas@ku.ac.ae,945108144,included,-1
2023-06-11T11:21:13.754Z,307269,ioannis.ziogas@ku.ac.ae,945108144,"""exclude_jun23""",1
2023-06-11T11:22:53.316Z,307269,ioannis.ziogas@ku.ac.ae,945109344,"""exclude_jun23""",1
2023-06-11T13:39:26.704Z,307269,ioannis.ziogas@ku.ac.ae,945108348,"""include_jun23""",1
2023-06-11T13:39:28.064Z,307269,ioannis.ziogas@ku.ac.ae,945108348,included,1
2023-06-11T16:09:47.813Z,307269,ioannis.ziogas@ku.ac.ae,945108331,"""__EXR__Full paper not avaliable""",deleted
2023-06-11T16:10:12.766Z,307269,ioannis.ziogas@ku.ac.ae,945108348,"""__EXR__Full paper not avaliable""",1
2023-06-11T16:10:12.782Z,307269,ioannis.ziogas@ku.ac.ae,945108348,included,-1
2023-06-11T16:10:27.688Z,307269,ioannis.ziogas@ku.ac.ae,945108348,"""__EXR__Full paper\\ not avaliable""",deleted
2023-06-11T16:10:34.188Z,307269,ioannis.ziogas@ku.ac.ae,945109344,"""__EXR__Full paper not avaliable""",1
2023-06-11T16:10:34.220Z,307269,ioannis.ziogas@ku.ac.ae,945109344,included,-1
2023-06-11T16:10:38.454Z,307269,ioannis.ziogas@ku.ac.ae,945109344,"""__EXR__Full paper\\ not avaliable""",deleted
2023-06-11T16:16:42.627Z,307269,ioannis.ziogas@ku.ac.ae,945108006,included,-1
2023-06-11T16:16:45.846Z,307269,ioannis.ziogas@ku.ac.ae,945108006,"""exclude_jun23""",1
2023-06-11T16:16:58.393Z,307269,ioannis.ziogas@ku.ac.ae,945108006,"""__EXR__Full paper not avaliable""",deleted
2023-06-11T17:22:41.469Z,307269,ioannis.ziogas@ku.ac.ae,945108024,included,1
2023-06-11T17:22:44.141Z,307269,ioannis.ziogas@ku.ac.ae,945108024,"""include_jun23""",1
2023-06-11T19:39:17.013Z,307269,ioannis.ziogas@ku.ac.ae,945108167,included,1
2023-06-11T19:39:19.044Z,307269,ioannis.ziogas@ku.ac.ae,945108167,"""include_jun23""",1
2023-06-11T20:11:05.067Z,307269,ioannis.ziogas@ku.ac.ae,945108336,"""exclude_jun23""",1
2023-06-11T20:11:12.223Z,307269,ioannis.ziogas@ku.ac.ae,945108336,"""multimodal only""",1
2023-06-11T20:12:15.129Z,307269,ioannis.ziogas@ku.ac.ae,945108340,"""multimodal only""",1
2023-06-11T20:12:22.723Z,307269,ioannis.ziogas@ku.ac.ae,945107998,"""multimodal only""",1
2023-06-11T20:14:57.552Z,307269,ioannis.ziogas@ku.ac.ae,945109027,"""__EXR__text only""",1
2023-06-11T20:14:57.583Z,307269,ioannis.ziogas@ku.ac.ae,945109027,included,-1
2023-06-11T20:15:03.583Z,307269,ioannis.ziogas@ku.ac.ae,945109027,"""exclude_jun23""",1
2023-06-11T20:15:19.958Z,307269,ioannis.ziogas@ku.ac.ae,945108348,"""__EXR__Full paper not avaliable""",deleted
2023-06-11T20:15:26.380Z,307269,ioannis.ziogas@ku.ac.ae,945108167,"""__EXR__text only""",1
2023-06-11T20:15:26.427Z,307269,ioannis.ziogas@ku.ac.ae,945108167,included,-1
2023-06-11T20:15:34.380Z,307269,ioannis.ziogas@ku.ac.ae,945108167,"""__EXR__text only""",deleted
2023-06-11T20:15:37.990Z,307269,ioannis.ziogas@ku.ac.ae,945108167,"""__EXR__Full paper not avaliable""",deleted
2023-06-11T20:15:42.240Z,307269,ioannis.ziogas@ku.ac.ae,945108336,"""__EXR__Full paper not avaliable""",deleted
2023-06-11T20:15:47.005Z,307269,ioannis.ziogas@ku.ac.ae,945108167,included,1
2023-06-11T20:15:48.849Z,307269,ioannis.ziogas@ku.ac.ae,945108348,included,1
2023-06-11T20:15:52.349Z,307269,ioannis.ziogas@ku.ac.ae,945108336,included,-1
2023-06-11T20:16:00.755Z,307269,ioannis.ziogas@ku.ac.ae,945109027,"""__EXR__Full paper not avaliable""",deleted
2023-06-11T20:16:06.568Z,307269,ioannis.ziogas@ku.ac.ae,945108024,"""__EXR__Full paper not avaliable""",deleted
2023-06-11T20:51:20.028Z,307269,ioannis.ziogas@ku.ac.ae,945108339,included,1
2023-06-11T20:51:27.247Z,307269,ioannis.ziogas@ku.ac.ae,945108339,"""include_jun23""",1
2023-06-11T20:51:32.341Z,307269,ioannis.ziogas@ku.ac.ae,945108339,"""__EXR__text (context)""",1
2023-06-11T20:51:32.372Z,307269,ioannis.ziogas@ku.ac.ae,945108339,included,-1
2023-06-11T20:51:46.622Z,307269,ioannis.ziogas@ku.ac.ae,945108339,"""__EXR__Full paper not avaliable""",deleted
2023-06-11T20:51:50.778Z,307269,ioannis.ziogas@ku.ac.ae,945108339,"""__EXR__text (context)""",deleted
2023-06-11T20:51:54.122Z,307269,ioannis.ziogas@ku.ac.ae,945108339,included,1
2023-06-11T20:53:55.857Z,307269,ioannis.ziogas@ku.ac.ae,945109368,"""__EXR__Full paper not avaliable""",deleted
2023-06-11T20:53:58.904Z,307269,ioannis.ziogas@ku.ac.ae,945109368,"""exclude_jun23""",1
2023-06-11T20:54:01.216Z,307269,ioannis.ziogas@ku.ac.ae,945109368,"""multimodal only""",1
2023-06-11T20:58:12.373Z,307269,ioannis.ziogas@ku.ac.ae,945108329,"""physiology only""",1
2023-06-11T20:58:20.858Z,307269,ioannis.ziogas@ku.ac.ae,945108329,"""__EXR__Valance/arousal data""",deleted
2023-06-11T20:58:26.498Z,307269,ioannis.ziogas@ku.ac.ae,945108329,"""exclude_jun23""",1
2023-06-11T21:01:14.858Z,307269,ioannis.ziogas@ku.ac.ae,945109372,"""__EXR__no sample size""",1
2023-06-11T21:01:14.905Z,307269,ioannis.ziogas@ku.ac.ae,945109372,included,-1
2023-06-11T21:01:20.702Z,307269,ioannis.ziogas@ku.ac.ae,945108135,"""__EXR__no sample size""",1
2023-06-11T21:01:20.718Z,307269,ioannis.ziogas@ku.ac.ae,945108135,included,-1
2023-06-11T21:01:26.436Z,307269,ioannis.ziogas@ku.ac.ae,945108135,"""__EXR__only syst review  no sampe number""",deleted
2023-06-11T21:01:31.655Z,307269,ioannis.ziogas@ku.ac.ae,945109372,"""__EXR__only syst review  no sampe number""",deleted
2023-06-11T21:17:17.612Z,307269,ioannis.ziogas@ku.ac.ae,945108041,included,1
2023-06-11T21:17:19.565Z,307269,ioannis.ziogas@ku.ac.ae,945108041,"""include_jun23""",1
2023-06-11T21:35:32.975Z,307269,ioannis.ziogas@ku.ac.ae,945108995,included,1
2023-06-11T21:35:39.803Z,307269,ioannis.ziogas@ku.ac.ae,945108995,"""include_jun23""",1
2023-06-11T21:35:47.975Z,307269,ioannis.ziogas@ku.ac.ae,945108995,"""__EXR__not sure if text or speech""",deleted
2023-06-12T09:14:54.324Z,307269,ioannis.ziogas@ku.ac.ae,945108154,included,1
2023-06-12T09:15:03.824Z,307269,ioannis.ziogas@ku.ac.ae,945108154,"""include_jun23""",1
2023-06-12T09:15:17.199Z,307269,ioannis.ziogas@ku.ac.ae,945108154,"""__EXR__one emotion class""",1
2023-06-12T09:15:17.277Z,307269,ioannis.ziogas@ku.ac.ae,945108154,included,-1
2023-06-12T09:15:20.543Z,307269,ioannis.ziogas@ku.ac.ae,945108154,"""__EXR__oneemotionclass""",deleted
2023-06-12T09:33:17.000Z,307269,ioannis.ziogas@ku.ac.ae,945108165,included,1
2023-06-12T09:33:19.843Z,307269,ioannis.ziogas@ku.ac.ae,945108165,"""include_jun23""",1
2023-06-12T09:42:44.439Z,307269,ioannis.ziogas@ku.ac.ae,945108029,included,1
2023-06-12T09:42:59.361Z,307269,ioannis.ziogas@ku.ac.ae,945108135,included,1
2023-06-12T09:43:43.767Z,307269,ioannis.ziogas@ku.ac.ae,945108154,included,1
2023-06-12T09:43:51.783Z,307269,ioannis.ziogas@ku.ac.ae,945108159,included,1
2023-06-12T09:45:17.893Z,307269,ioannis.ziogas@ku.ac.ae,945108161,"""include_jun23""",deleted
2023-06-12T09:46:17.034Z,307269,ioannis.ziogas@ku.ac.ae,945108333,included,1
2023-06-12T09:46:20.596Z,307269,ioannis.ziogas@ku.ac.ae,945108358,included,1
2023-06-12T09:46:27.268Z,307269,ioannis.ziogas@ku.ac.ae,945108359,included,1
2023-06-12T09:46:29.346Z,307269,ioannis.ziogas@ku.ac.ae,945108981,included,1
2023-06-12T09:46:32.237Z,307269,ioannis.ziogas@ku.ac.ae,945108985,included,1
2023-06-12T09:46:35.596Z,307269,ioannis.ziogas@ku.ac.ae,945109009,included,1
2023-06-12T09:46:37.502Z,307269,ioannis.ziogas@ku.ac.ae,945109029,included,1
2023-06-12T09:46:39.705Z,307269,ioannis.ziogas@ku.ac.ae,945109372,included,1
2023-06-12T09:52:11.238Z,307269,ioannis.ziogas@ku.ac.ae,945108015,"""in for MetaAn""",1
2023-06-12T09:52:13.925Z,307269,ioannis.ziogas@ku.ac.ae,945108015,"""in for MetaAn""",deleted
2023-06-12T09:52:18.675Z,307269,ioannis.ziogas@ku.ac.ae,945108024,"""in for MetaAn""",1
2023-06-12T09:52:36.316Z,307269,ioannis.ziogas@ku.ac.ae,945108167,"""in for MetaAn""",1
2023-06-12T09:52:42.644Z,307269,ioannis.ziogas@ku.ac.ae,945108339,"""in for MetaAn""",1
2023-06-12T09:52:48.551Z,307269,ioannis.ziogas@ku.ac.ae,945109009,"""in for MetaAn""",1
2023-06-12T09:52:55.394Z,307269,ioannis.ziogas@ku.ac.ae,945109009,"""in for MetaAn""",deleted
2023-06-12T09:53:04.019Z,307269,ioannis.ziogas@ku.ac.ae,945109009,"""in for SysRev and MetaAn""",1
2023-06-12T09:53:12.832Z,307269,ioannis.ziogas@ku.ac.ae,945108339,"""in for MetaAn""",deleted
2023-06-12T09:53:14.144Z,307269,ioannis.ziogas@ku.ac.ae,945108339,"""in for SysRev and MetaAn""",1
2023-06-12T09:53:19.816Z,307269,ioannis.ziogas@ku.ac.ae,945108167,"""in for SysRev and MetaAn""",1
2023-06-12T09:53:21.957Z,307269,ioannis.ziogas@ku.ac.ae,945108167,"""in for MetaAn""",deleted
2023-06-12T09:53:28.113Z,307269,ioannis.ziogas@ku.ac.ae,945108024,"""in for MetaAn""",deleted
2023-06-12T09:53:30.238Z,307269,ioannis.ziogas@ku.ac.ae,945108024,"""in for SysRev and MetaAn""",1
2023-06-12T09:53:40.598Z,307269,ioannis.ziogas@ku.ac.ae,945108015,"""in for SysRev only""",1
2023-06-12T09:53:44.488Z,307269,ioannis.ziogas@ku.ac.ae,945108029,"""in for SysRev only""",1
2023-06-12T09:53:47.848Z,307269,ioannis.ziogas@ku.ac.ae,945108041,"""in for SysRev and MetaAn""",1
2023-06-12T09:53:49.926Z,307269,ioannis.ziogas@ku.ac.ae,945108041,"""in for SysRev and MetaAn""",deleted
2023-06-12T09:53:51.863Z,307269,ioannis.ziogas@ku.ac.ae,945108041,"""in for SysRev only""",1
2023-06-12T09:56:56.395Z,307269,ioannis.ziogas@ku.ac.ae,945108135,"""in for SysRev only""",1
2023-06-12T09:56:59.458Z,307269,ioannis.ziogas@ku.ac.ae,945108154,"""in for SysRev only""",1
2023-06-12T09:57:03.301Z,307269,ioannis.ziogas@ku.ac.ae,945108159,"""in for SysRev only""",1
2023-06-12T09:57:07.192Z,307269,ioannis.ziogas@ku.ac.ae,945108165,"""in for SysRev only""",1
2023-06-12T09:57:11.505Z,307269,ioannis.ziogas@ku.ac.ae,945108296,"""in for SysRev only""",1
2023-06-12T09:57:14.411Z,307269,ioannis.ziogas@ku.ac.ae,945108325,"""in for SysRev only""",1
2023-06-12T09:57:17.223Z,307269,ioannis.ziogas@ku.ac.ae,945108331,"""in for SysRev only""",1
2023-06-12T09:57:20.473Z,307269,ioannis.ziogas@ku.ac.ae,945108333,"""in for SysRev only""",1
2023-06-12T09:57:24.958Z,307269,ioannis.ziogas@ku.ac.ae,945108348,"""in for SysRev only""",1
2023-06-12T09:57:26.927Z,307269,ioannis.ziogas@ku.ac.ae,945108358,"""in for SysRev only""",1
2023-06-12T09:57:30.739Z,307269,ioannis.ziogas@ku.ac.ae,945108359,"""in for SysRev only""",1
2023-06-12T09:57:34.333Z,307269,ioannis.ziogas@ku.ac.ae,945108981,"""in for SysRev only""",1
2023-06-12T09:57:38.067Z,307269,ioannis.ziogas@ku.ac.ae,945108985,"""in for SysRev only""",1
2023-06-12T09:57:40.895Z,307269,ioannis.ziogas@ku.ac.ae,945108995,"""in for SysRev only""",1
2023-06-12T09:57:43.864Z,307269,ioannis.ziogas@ku.ac.ae,945109001,"""in for SysRev only""",1
2023-06-12T09:57:48.458Z,307269,ioannis.ziogas@ku.ac.ae,945109029,"""in for SysRev only""",1
2023-06-12T09:57:51.333Z,307269,ioannis.ziogas@ku.ac.ae,945109372,"""in for SysRev only""",1
